Run,Age,Assay Type,AvgSpotLen,Bases,BioProject,BioSample,BioSampleModel,Bytes,Center Name,Consent,DATASTORE filetype,DATASTORE provider,DATASTORE region,Experiment,geo_loc_name_country,geo_loc_name_country_continent,geo_loc_name,Instrument,Isolate,Library Name,LibraryLayout,LibrarySelection,LibrarySource,Organism,Platform,ReleaseDate,Sample Name,SRA Study,TISSUE,forma,sub_species
SRR7716081,1 month,WGS,300,7891061700,PRJNA394943,SAMN07540429,Plant,3612143666,NOVOGENE,public,"fastq,sra","gs,ncbi,s3","gs.US,ncbi.public,s3.us-east-1",SRX4645059,Peru,South America,Peru: Apurimac,Illumina HiSeq 4000,36977,aba458403,PAIRED,unspecified,GENOMIC,Solanum abancayense,ILLUMINA,2018-09-06T00:00:00Z,aba458403,SRP115974,young leaves,,
SRR7716082,1 month,WGS,300,7001814300,PRJNA394943,SAMN07540430,Plant,3109695572,NOVOGENE,public,"fastq,sra","gs,ncbi,s3","gs.US,ncbi.public,s3.us-east-1",SRX4645060,Peru,South America,Peru: Apurimac,Illumina HiSeq 4000,36978,aba458404,PAIRED,unspecified,GENOMIC,Solanum abancayense,ILLUMINA,2018-09-06T00:00:00Z,aba458404,SRP115974,young leaves,,
SRR7716083,1 month,WGS,300,8479107600,PRJNA394943,SAMN07540512,Plant,3784066820,NOVOGENE,public,"fastq,sra","gs,ncbi,s3","gs.US,ncbi.public,s3.us-east-1",SRX4645061,Bolivia,South America,Bolivia: La Paz,Illumina HiSeq 4000,37060,ach558032,PAIRED,unspecified,GENOMIC,Solanum achacachense,ILLUMINA,2018-09-06T00:00:00Z,ach558032,SRP115974,young leaves,,
SRR7716084,1 month,WGS,300,7603975800,PRJNA394943,SAMN07540414,Plant,3426319330,NOVOGENE,public,"fastq,sra","gs,ncbi,s3","gs.US,ncbi.public,s3.us-east-1",SRX4645066,Peru,South America,Peru: Pasco,Illumina HiSeq 4000,36962,amb365317,PAIRED,unspecified,GENOMIC,Solanum ambosinum,ILLUMINA,2018-09-06T00:00:00Z,amb365317,SRP115974,young leaves,,
SRR7716085,1 month,WGS,300,8926842300,PRJNA394943,SAMN07540417,Plant,3991762228,NOVOGENE,public,"fastq,sra","gs,ncbi,s3","gs.US,ncbi.public,s3.us-east-1",SRX4645067,Peru,South America,Peru: Ancash,Illumina HiSeq 4000,36965,amb365362,PAIRED,unspecified,GENOMIC,Solanum ambosinum,ILLUMINA,2018-09-06T00:00:00Z,amb365362,SRP115974,young leaves,,
SRR7716086,1 month,WGS,300,7560512700,PRJNA394943,SAMN07540480,Plant,3352934217,NOVOGENE,public,"fastq,sra","gs,ncbi,s3","gs.US,ncbi.public,s3.us-east-1",SRX4645068,Peru,South America,Peru: Ancash,Illumina HiSeq 4000,37028,amb498209,PAIRED,unspecified,GENOMIC,Solanum ambosinum,ILLUMINA,2018-09-06T00:00:00Z,amb498209,SRP115974,young leaves,,
SRR7716087,1 month,WGS,300,7620709500,PRJNA394943,SAMN07540481,Plant,3363660906,NOVOGENE,public,"fastq,sra","gs,ncbi,s3","gs.US,ncbi.public,s3.us-east-1",SRX4645069,Peru,South America,Peru: Ancash,Illumina HiSeq 4000,37029,amb498210,PAIRED,unspecified,GENOMIC,Solanum ambosinum,ILLUMINA,2018-09-06T00:00:00Z,amb498210,SRP115974,young leaves,,
SRR7716088,1 month,WGS,300,7707723300,PRJNA394943,SAMN07540482,Plant,3492793008,NOVOGENE,public,"fastq,sra","gs,ncbi,s3","gs.US,ncbi.public,s3.us-east-1",SRX4645070,Peru,South America,Peru: Ancash,Illumina HiSeq 4000,37030,amb498212,PAIRED,unspecified,GENOMIC,Solanum ambosinum,ILLUMINA,2018-09-06T00:00:00Z,amb498212,SRP115974,young leaves,,
SRR7716089,1 month,WGS,300,8309530500,PRJNA394943,SAMN07540483,Plant,3712736501,NOVOGENE,public,"fastq,sra","gs,ncbi,s3","gs.US,ncbi.public,s3.us-east-1",SRX4645071,Peru,South America,Peru: Ancash,Illumina HiSeq 4000,37031,amb498213,PAIRED,unspecified,GENOMIC,Solanum ambosinum,ILLUMINA,2018-09-06T00:00:00Z,amb498213,SRP115974,young leaves,,
SRR7716090,1 month,WGS,300,7668234600,PRJNA394943,SAMN07540383,Plant,3405317582,NOVOGENE,public,"fastq,sra","gs,ncbi,s3","gs.US,ncbi.public,s3.us-east-1",SRX4645074,Ecuador,South America,Ecuador: Bolivar,Illumina HiSeq 4000,36931,and561658,PAIRED,unspecified,GENOMIC,Solanum andreanum,ILLUMINA,2018-09-06T00:00:00Z,and561658,SRP115974,young leaves,,
SRR7716091,1 month,WGS,300,7180081800,PRJNA394943,SAMN07540474,Plant,3320176967,NOVOGENE,public,"fastq,sra","gs,ncbi,s3","gs.US,ncbi.public,s3.us-east-1",SRX4645075,Bolivia,South America,Bolivia: Santa Cruz,Illumina HiSeq 4000,37022,avi498091,PAIRED,unspecified,GENOMIC,Solanum avilesii,ILLUMINA,2018-09-06T00:00:00Z,avi498091,SRP115974,young leaves,,
SRR7716092,1 month,WGS,300,7769637000,PRJNA394943,SAMN07540475,Plant,3526065467,NOVOGENE,public,"fastq,sra","gs,ncbi,s3","gs.US,ncbi.public,s3.us-east-1",SRX4645076,Bolivia,South America,Bolivia: Santa Cruz,Illumina HiSeq 4000,37023,avi498092,PAIRED,unspecified,GENOMIC,Solanum avilesii,ILLUMINA,2018-09-06T00:00:00Z,avi498092,SRP115974,young leaves,,
SRR7716093,1 month,WGS,300,7030839000,PRJNA394943,SAMN07540476,Plant,3249288906,NOVOGENE,public,"fastq,sra","gs,ncbi,s3","gs.US,ncbi.public,s3.us-east-1",SRX4645077,Bolivia,South America,Bolivia: Santa Cruz,Illumina HiSeq 4000,37024,avi498093,PAIRED,unspecified,GENOMIC,Solanum avilesii,ILLUMINA,2018-09-06T00:00:00Z,avi498093,SRP115974,young leaves,,
SRR7716094,1 month,WGS,300,7184664900,PRJNA394943,SAMN07540393,Plant,3164074093,NOVOGENE,public,"fastq,sra","gs,ncbi,s3","gs.US,ncbi.public,s3.us-east-1",SRX4645078,Bolivia,South America,Bolivia: Potosi,Illumina HiSeq 4000,36941,ber218225,PAIRED,unspecified,GENOMIC,Solanum microdontum,ILLUMINA,2018-09-06T00:00:00Z,ber218225,SRP115974,young leaves,,
SRR7716095,1 month,WGS,300,7708438800,PRJNA394943,SAMN07540477,Plant,3290061908,NOVOGENE,public,"fastq,sra","gs,ncbi,s3","gs.US,ncbi.public,s3.us-east-1",SRX4645079,Bolivia,South America,Bolivia: Cochabamba,Illumina HiSeq 4000,37025,ber498105,PAIRED,unspecified,GENOMIC,Solanum berthaultii,ILLUMINA,2018-09-06T00:00:00Z,ber498105,SRP115974,young leaves,,
SRR7716096,1 month,WGS,300,8881167600,PRJNA394943,SAMN07540494,Plant,3798176923,NOVOGENE,public,"fastq,sra","gs,ncbi,s3","gs.US,ncbi.public,s3.us-east-1",SRX4645080,Bolivia,South America,Bolivia: Potosi,Illumina HiSeq 4000,37042,ber527886,PAIRED,unspecified,GENOMIC,Solanum berthaultii,ILLUMINA,2018-09-06T00:00:00Z,ber527886,SRP115974,young leaves,,
SRR7716097,1 month,WGS,300,8309466000,PRJNA394943,SAMN07540498,Plant,3569351232,NOVOGENE,public,"fastq,sra","gs,ncbi,s3","gs.US,ncbi.public,s3.us-east-1",SRX4645081,Bolivia,South America,Bolivia: Chuquisaca,Illumina HiSeq 4000,37046,ber545850,PAIRED,unspecified,GENOMIC,Solanum berthaultii,ILLUMINA,2018-09-06T00:00:00Z,ber545850,SRP115974,young leaves,,
SRR7716098,1 month,WGS,300,7703973900,PRJNA394943,SAMN07540407,Plant,3402460049,NOVOGENE,public,"fastq,sra","gs,ncbi,s3","gs.US,ncbi.public,s3.us-east-1",SRX4645084,Bolivia,South America,Bolivia: Chuquisaca,Illumina HiSeq 4000,36955,bre310931,PAIRED,unspecified,GENOMIC,Solanum brevicaule,ILLUMINA,2018-09-06T00:00:00Z,bre310931,SRP115974,young leaves,,
SRR7716099,1 month,WGS,300,7173170100,PRJNA394943,SAMN07540461,Plant,3138387754,NOVOGENE,public,"fastq,sra","gs,ncbi,s3","gs.US,ncbi.public,s3.us-east-1",SRX4645085,Bolivia,South America,Bolivia: Cochabamba,Illumina HiSeq 4000,37009,bre473378,PAIRED,unspecified,GENOMIC,Solanum brevicaule,ILLUMINA,2018-09-06T00:00:00Z,bre473378,SRP115974,young leaves,,
SRR7716100,1 month,WGS,300,6520787100,PRJNA394943,SAMN07540478,Plant,3022564098,NOVOGENE,public,"fastq,sra","gs,ncbi,s3","gs.US,ncbi.public,s3.us-east-1",SRX4645086,Bolivia,South America,Bolivia: Cochabamba,Illumina HiSeq 4000,37026,bre498111,PAIRED,unspecified,GENOMIC,Solanum brevicaule,ILLUMINA,2018-09-06T00:00:00Z,bre498111,SRP115974,young leaves,,
SRR7716101,1 month,WGS,300,7490583000,PRJNA394943,SAMN07540484,Plant,3434631996,NOVOGENE,public,"fastq,sra","gs,ncbi,s3","gs.US,ncbi.public,s3.us-east-1",SRX4645087,Bolivia,South America,Bolivia: Cochabamba,Illumina HiSeq 4000,37032,bre498218,PAIRED,unspecified,GENOMIC,Solanum brevicaule,ILLUMINA,2018-09-06T00:00:00Z,bre498218,SRP115974,young leaves,,
SRR7716102,1 month,WGS,300,6772384200,PRJNA394943,SAMN07540502,Plant,2854226269,NOVOGENE,public,"fastq,sra","gs,ncbi,s3","gs.US,ncbi.public,s3.us-east-1",SRX4645088,Bolivia,South America,Bolivia: Cochabamba,Illumina HiSeq 4000,37050,bre545968,PAIRED,unspecified,GENOMIC,Solanum brevicaule,ILLUMINA,2018-09-06T00:00:00Z,bre545968,SRP115974,young leaves,,
SRR7716103,1 month,WGS,300,7003345800,PRJNA394943,SAMN07540503,Plant,3164469595,NOVOGENE,public,"fastq,sra","gs,ncbi,s3","gs.US,ncbi.public,s3.us-east-1",SRX4645089,Bolivia,South America,Bolivia: La Paz,Illumina HiSeq 4000,37051,bre545970,PAIRED,unspecified,GENOMIC,Solanum brevicaule,ILLUMINA,2018-09-06T00:00:00Z,bre545970,SRP115974,young leaves,,
SRR7716104,1 month,WGS,300,8394600900,PRJNA394943,SAMN07540504,Plant,3756203658,NOVOGENE,public,"fastq,sra","gs,ncbi,s3","gs.US,ncbi.public,s3.us-east-1",SRX4645090,Bolivia,South America,Bolivia: Cochabamba,Illumina HiSeq 4000,37052,bre545971,PAIRED,unspecified,GENOMIC,Solanum brevicaule,ILLUMINA,2018-09-06T00:00:00Z,bre545971,SRP115974,young leaves,,
SRR7716105,1 month,WGS,300,7714143300,PRJNA394943,SAMN07540508,Plant,3407065099,NOVOGENE,public,"fastq,sra","gs,ncbi,s3","gs.US,ncbi.public,s3.us-east-1",SRX4645091,Bolivia,South America,Bolivia: Chuquisaca,Illumina HiSeq 4000,37056,bre545981,PAIRED,unspecified,GENOMIC,Solanum brevicaule,ILLUMINA,2018-09-06T00:00:00Z,bre545981,SRP115974,young leaves,,
SRR7716106,1 month,WGS,300,7758273000,PRJNA394943,SAMN07540400,Plant,3229982350,NOVOGENE,public,"fastq,sra","gs,ncbi,s3","gs.US,ncbi.public,s3.us-east-1",SRX4645092,Peru,South America,Peru: Junin,Illumina HiSeq 4000,36948,buk266385,PAIRED,unspecified,GENOMIC,Solanum bukasovii,ILLUMINA,2018-09-06T00:00:00Z,buk266385,SRP115974,young leaves,,
SRR7716107,1 month,WGS,300,7910145900,PRJNA394943,SAMN07540415,Plant,3506344777,NOVOGENE,public,"fastq,sra","gs,ncbi,s3","gs.US,ncbi.public,s3.us-east-1",SRX4645093,Peru,South America,Peru: Cuzco,Illumina HiSeq 4000,36963,buk365353,PAIRED,unspecified,GENOMIC,Solanum bukasovii,ILLUMINA,2018-09-06T00:00:00Z,buk365353,SRP115974,young leaves,,
SRR7716110,1 month,WGS,300,7303609200,PRJNA394943,SAMN07540419,Plant,3285478429,NOVOGENE,public,"fastq,sra","gs,ncbi,s3","gs.US,ncbi.public,s3.us-east-1",SRX4645094,Peru,South America,Peru: Apurimac,Illumina HiSeq 4000,36967,buk414155,PAIRED,unspecified,GENOMIC,Solanum bukasovii,ILLUMINA,2018-09-06T00:00:00Z,buk414155,SRP115974,young leaves,,
SRR7716111,1 month,WGS,300,7679398200,PRJNA394943,SAMN07540466,Plant,3488086026,NOVOGENE,public,"fastq,sra","gs,ncbi,s3","gs.US,ncbi.public,s3.us-east-1",SRX4645095,Peru,South America,Peru: Huancavelica,Illumina HiSeq 4000,37014,buk473492,PAIRED,unspecified,GENOMIC,Solanum bukasovii,ILLUMINA,2018-09-06T00:00:00Z,buk473492,SRP115974,young leaves,,
SRR7716112,1 month,WGS,300,7904493300,PRJNA394943,SAMN07540467,Plant,3513210359,NOVOGENE,public,"fastq,sra","gs,ncbi,s3","gs.US,ncbi.public,s3.us-east-1",SRX4645096,Peru,South America,Peru: Huancavelica,Illumina HiSeq 4000,37015,buk473493,PAIRED,unspecified,GENOMIC,Solanum bukasovii,ILLUMINA,2018-09-06T00:00:00Z,buk473493,SRP115974,young leaves,,
SRR7716113,1 month,WGS,300,7868427000,PRJNA394943,SAMN07540468,Plant,3564968094,NOVOGENE,public,"fastq,sra","gs,ncbi,s3","gs.US,ncbi.public,s3.us-east-1",SRX4645097,Peru,South America,Peru: Huancavelica,Illumina HiSeq 4000,37016,buk473494,PAIRED,unspecified,GENOMIC,Solanum bukasovii,ILLUMINA,2018-09-06T00:00:00Z,buk473494,SRP115974,young leaves,,
SRR7716114,1 month,WGS,300,7333436400,PRJNA394943,SAMN07540519,Plant,3246570819,NOVOGENE,public,"fastq,sra","gs,ncbi,s3","gs.US,ncbi.public,s3.us-east-1",SRX4645098,Peru,South America,Peru: Puno,Illumina HiSeq 4000,37067,buk568933,PAIRED,unspecified,GENOMIC,Solanum bukasovii,ILLUMINA,2018-09-06T00:00:00Z,buk568933,SRP115974,young leaves,,
SRR7716115,1 month,WGS,300,8175919200,PRJNA394943,SAMN07540520,Plant,3708653916,NOVOGENE,public,"fastq,sra","gs,ncbi,s3","gs.US,ncbi.public,s3.us-east-1",SRX4645099,Peru,South America,Peru: Puno,Illumina HiSeq 4000,37068,buk568954,PAIRED,unspecified,GENOMIC,Solanum bukasovii,ILLUMINA,2018-09-06T00:00:00Z,buk568954,SRP115974,young leaves,,
SRR7716116,1 month,WGS,300,8419028100,PRJNA394943,SAMN07540386,Plant,3770602564,NOVOGENE,public,"fastq,sra","gs,ncbi,s3","gs.US,ncbi.public,s3.us-east-1",SRX4645103,Peru,South America,Peru: Cuzco,Illumina HiSeq 4000,36934,can210035,PAIRED,unspecified,GENOMIC,Solanum canasense,ILLUMINA,2018-09-06T00:00:00Z,can210035,SRP115974,young leaves,,
SRR7716117,1 month,WGS,300,6568900500,PRJNA394943,SAMN07540396,Plant,2772892226,NOVOGENE,public,"fastq,sra","gs,ncbi,s3","gs.US,ncbi.public,s3.us-east-1",SRX4645104,Peru,South America,Peru: Cuzco,Illumina HiSeq 4000,36944,can246533,PAIRED,unspecified,GENOMIC,Solanum canasense,ILLUMINA,2018-09-06T00:00:00Z,can246533,SRP115974,young leaves,,
SRR7716118,1 month,WGS,300,7114325700,PRJNA394943,SAMN07540398,Plant,3216537712,NOVOGENE,public,"fastq,sra","gs,ncbi,s3","gs.US,ncbi.public,s3.us-east-1",SRX4645105,Peru,South America,Peru: Cuzco,Illumina HiSeq 4000,36946,can265864,PAIRED,unspecified,GENOMIC,Solanum canasense,ILLUMINA,2018-09-06T00:00:00Z,can265864,SRP115974,young leaves,,
SRR7716119,1 month,WGS,300,7373502900,PRJNA394943,SAMN07540399,Plant,3308077607,NOVOGENE,public,"fastq,sra","gs,ncbi,s3","gs.US,ncbi.public,s3.us-east-1",SRX4645106,Bolivia,South America,Bolivia: La Paz,Illumina HiSeq 4000,36947,can265865,PAIRED,unspecified,GENOMIC,Solanum canasense,ILLUMINA,2018-09-06T00:00:00Z,can265865,SRP115974,young leaves,,
SRR7716120,1 month,WGS,300,7360829700,PRJNA394943,SAMN07540406,Plant,3268887710,NOVOGENE,public,"fastq,sra","gs,ncbi,s3","gs.US,ncbi.public,s3.us-east-1",SRX4645107,Peru,South America,Peru: Puno,Illumina HiSeq 4000,36954,can283084,PAIRED,unspecified,GENOMIC,Solanum canasense,ILLUMINA,2018-09-06T00:00:00Z,can283084,SRP115974,young leaves,,
SRR7716121,1 month,WGS,300,7708105500,PRJNA394943,SAMN07540420,Plant,3412342642,NOVOGENE,public,"fastq,sra","gs,ncbi,s3","gs.US,ncbi.public,s3.us-east-1",SRX4645108,Peru,South America,Peru: Puno,Illumina HiSeq 4000,36968,can442696,PAIRED,unspecified,GENOMIC,Solanum canasense,ILLUMINA,2018-09-06T00:00:00Z,can442696,SRP115974,young leaves,,
SRR7716122,1 month,WGS,300,8049769800,PRJNA394943,SAMN07540458,Plant,3541421869,NOVOGENE,public,"fastq,sra","gs,ncbi,s3","gs.US,ncbi.public,s3.us-east-1",SRX4645109,Peru,South America,Peru: Ayacucho,Illumina HiSeq 4000,37006,can473355,PAIRED,unspecified,GENOMIC,Solanum canasense,ILLUMINA,2018-09-06T00:00:00Z,can473355,SRP115974,young leaves,,
SRR7716123,1 month,WGS,300,7202588400,PRJNA394943,SAMN07540485,Plant,3224127842,NOVOGENE,public,"fastq,sra","gs,ncbi,s3","gs.US,ncbi.public,s3.us-east-1",SRX4645110,Bolivia,South America,Bolivia: La Paz,Illumina HiSeq 4000,37033,can498226,PAIRED,unspecified,GENOMIC,Solanum canasense,ILLUMINA,2018-09-06T00:00:00Z,can498226,SRP115974,young leaves,,
SRR7716124,1 month,WGS,300,7974373200,PRJNA394943,SAMN07540486,Plant,3628022940,NOVOGENE,public,"fastq,sra","gs,ncbi,s3","gs.US,ncbi.public,s3.us-east-1",SRX4645111,Bolivia,South America,Bolivia: La Paz,Illumina HiSeq 4000,37034,can498227,PAIRED,unspecified,GENOMIC,Solanum canasense,ILLUMINA,2018-09-06T00:00:00Z,can498227,SRP115974,young leaves,,
SRR7716125,1 month,WGS,300,8224122900,PRJNA394943,SAMN07540505,Plant,3621048629,NOVOGENE,public,"fastq,sra","gs,ncbi,s3","gs.US,ncbi.public,s3.us-east-1",SRX4645112,Bolivia,South America,Bolivia: La Paz,Illumina HiSeq 4000,37053,can545972,PAIRED,unspecified,GENOMIC,Solanum canasense,ILLUMINA,2018-09-06T00:00:00Z,can545972,SRP115974,young leaves,,
SRR7716126,1 month,WGS,300,7597364400,PRJNA394943,SAMN07540552,Plant,3357959467,NOVOGENE,public,"fastq,sra","gs,ncbi,s3","gs.US,ncbi.public,s3.us-east-1",SRX4645113,Bolivia,South America,Bolivia: La Paz,Illumina HiSeq 4000,37100,can568969,PAIRED,unspecified,GENOMIC,Solanum canasense,ILLUMINA,2018-09-06T00:00:00Z,can568969,SRP115974,young leaves,,
SRR7716127,1 month,WGS,300,7850458500,PRJNA394943,SAMN07540544,Plant,3521752104,NOVOGENE,public,"fastq,sra","gs,ncbi,s3","gs.US,ncbi.public,s3.us-east-1",SRX4645114,Mexico,North America,Mexico,Illumina HiSeq 4000,37092,car283062,PAIRED,unspecified,GENOMIC,Solanum cardiophyllum,ILLUMINA,2018-09-06T00:00:00Z,car283062,SRP115974,young leaves,,
SRR7716128,1 month,WGS,300,7628315700,PRJNA394943,SAMN07540545,Plant,3454013932,NOVOGENE,public,"fastq,sra","gs,ncbi,s3","gs.US,ncbi.public,s3.us-east-1",SRX4645115,Mexico,North America,Mexico,Illumina HiSeq 4000,37093,car283063,PAIRED,unspecified,GENOMIC,Solanum cardiophyllum,ILLUMINA,2018-09-06T00:00:00Z,car283063,SRP115974,young leaves,,
SRR7716129,1 month,WGS,300,7792597800,PRJNA394943,SAMN07540547,Plant,3426264707,NOVOGENE,public,"fastq,sra","gs,ncbi,s3","gs.US,ncbi.public,s3.us-east-1",SRX4645116,Mexico,North America,Mexico:Puebla,Illumina HiSeq 4000,37095,car347759,PAIRED,unspecified,GENOMIC,Solanum cardiophyllum,ILLUMINA,2018-09-06T00:00:00Z,car347759,SRP115974,young leaves,,
SRR7716130,1 month,WGS,300,6918879600,PRJNA394943,SAMN07540401,Plant,2915545683,NOVOGENE,public,"fastq,sra","gs,ncbi,s3","gs.US,ncbi.public,s3.us-east-1",SRX4645117,Argentina,South America,Argentina: Tucuman,Illumina HiSeq 4000,36949,cha275138,PAIRED,unspecified,GENOMIC,Solanum chacoense,ILLUMINA,2018-09-06T00:00:00Z,cha275138,SRP115974,young leaves,,
SRR7716131,1 month,WGS,300,8000592300,PRJNA394943,SAMN07540410,Plant,3499419008,NOVOGENE,public,"fastq,sra","gs,ncbi,s3","gs.US,ncbi.public,s3.us-east-1",SRX4645118,Argentina,South America,Argentina: Buenos Aires,Illumina HiSeq 4000,36958,cha320294,PAIRED,unspecified,GENOMIC,Solanum chacoense,ILLUMINA,2018-09-06T00:00:00Z,cha320294,SRP115974,young leaves,,
SRR7716132,1 month,WGS,300,7249363500,PRJNA394943,SAMN07540431,Plant,3247169243,NOVOGENE,public,"fastq,sra","gs,ncbi,s3","gs.US,ncbi.public,s3.us-east-1",SRX4645119,Argentina,South America,Argentina: Salta,Illumina HiSeq 4000,36979,cha472816,PAIRED,unspecified,GENOMIC,Solanum chacoense,ILLUMINA,2018-09-06T00:00:00Z,cha472816,SRP115974,young leaves,,
SRR7716133,1 month,WGS,300,7649549400,PRJNA394943,SAMN07540432,Plant,3202768539,NOVOGENE,public,"fastq,sra","gs,ncbi,s3","gs.US,ncbi.public,s3.us-east-1",SRX4645120,Argentina,South America,Argentina: La Rioja,Illumina HiSeq 4000,36980,cha472830,PAIRED,unspecified,GENOMIC,Solanum chacoense,ILLUMINA,2018-09-06T00:00:00Z,cha472830,SRP115974,young leaves,,
SRR7716134,1 month,WGS,300,7653785400,PRJNA394943,SAMN07540489,Plant,3394807867,NOVOGENE,public,"fastq,sra","gs,ncbi,s3","gs.US,ncbi.public,s3.us-east-1",SRX4645121,Argentina,South America,Argentina: Jujuy,Illumina HiSeq 4000,37037,cha500020,PAIRED,unspecified,GENOMIC,Solanum chacoense,ILLUMINA,2018-09-06T00:00:00Z,cha500020,SRP115974,young leaves,,
SRR7716135,1 month,WGS,300,9116523600,PRJNA394943,SAMN07540542,Plant,3600808774,NOVOGENE,public,"fastq,sra","gs,ncbi,s3","gs.US,ncbi.public,s3.us-east-1",SRX4645124,Chile,South America,Chile: Bio-Bio,Illumina HiSeq 4000,37090,etu498311,PAIRED,unspecified,GENOMIC,Solanum etuberosum,ILLUMINA,2018-09-06T00:00:00Z,etu498311,SRP115974,young leaves,,
SRR7716136,1 month,WGS,300,8021979600,PRJNA394943,SAMN07540521,Plant,3658665850,NOVOGENE,public,"fastq,sra","gs,ncbi,s3","gs.US,ncbi.public,s3.us-east-1",SRX4645125,Peru,South America,Peru: Ayacucho,Illumina HiSeq 4000,37069,gon195186,PAIRED,unspecified,GENOMIC,Solanum stenotomum subsp. goniocalyx,ILLUMINA,2018-09-06T00:00:00Z,gon195186,SRP115974,young leaves,,goniocalyx
SRR7716137,1 month,WGS,300,9576895200,PRJNA394943,SAMN07540522,Plant,4242886629,NOVOGENE,public,"fastq,sra","gs,ncbi,s3","gs.US,ncbi.public,s3.us-east-1",SRX4645126,Peru,South America,Peru: Ayacucho,Illumina HiSeq 4000,37070,gon195188,PAIRED,unspecified,GENOMIC,Solanum stenotomum subsp. goniocalyx,ILLUMINA,2018-09-06T00:00:00Z,gon195188,SRP115974,young leaves,,goniocalyx
SRR7716138,1 month,WGS,300,6893365200,PRJNA394943,SAMN07540526,Plant,3074350796,NOVOGENE,public,"fastq,sra","gs,ncbi,s3","gs.US,ncbi.public,s3.us-east-1",SRX4645127,Peru,South America,Peru: Huanuco,Illumina HiSeq 4000,37074,gon195214,PAIRED,unspecified,GENOMIC,Solanum stenotomum subsp. goniocalyx,ILLUMINA,2018-09-06T00:00:00Z,gon195214,SRP115974,young leaves,,goniocalyx
SRR7716139,1 month,WGS,300,7072890600,PRJNA394943,SAMN07540541,Plant,3196659551,NOVOGENE,public,"fastq,sra","gs,ncbi,s3","gs.US,ncbi.public,s3.us-east-1",SRX4645128,Bolivia,South America,Bolivia: La Paz,Illumina HiSeq 4000,37089,gon458393,PAIRED,unspecified,GENOMIC,Solanum stenotomum subsp. goniocalyx,ILLUMINA,2018-09-06T00:00:00Z,gon458393,SRP115974,young leaves,,goniocalyx
SRR7716140,1 month,WGS,300,7598767500,PRJNA394943,SAMN07540433,Plant,3447158258,NOVOGENE,public,"fastq,sra","gs,ncbi,s3","gs.US,ncbi.public,s3.us-east-1",SRX4645129,Argentina,South America,Argentina: Salta,Illumina HiSeq 4000,36981,gou472911,PAIRED,unspecified,GENOMIC,Solanum gourlayi,ILLUMINA,2018-09-06T00:00:00Z,gou472911,SRP115974,young leaves,,
SRR7716141,1 month,WGS,300,6565655100,PRJNA394943,SAMN07540441,Plant,2810117501,NOVOGENE,public,"fastq,sra","gs,ncbi,s3","gs.US,ncbi.public,s3.us-east-1",SRX4645130,Argentina,South America,Argentina: Jujuy,Illumina HiSeq 4000,36989,gou472991,PAIRED,unspecified,GENOMIC,Solanum gourlayi,ILLUMINA,2018-09-06T00:00:00Z,gou472991,SRP115974,young leaves,,
SRR7716142,1 month,WGS,300,7423799400,PRJNA394943,SAMN07540442,Plant,3374817777,NOVOGENE,public,"fastq,sra","gs,ncbi,s3","gs.US,ncbi.public,s3.us-east-1",SRX4645131,Argentina,South America,Argentina: Salta,Illumina HiSeq 4000,36990,gou472995,PAIRED,unspecified,GENOMIC,Solanum gourlayi,ILLUMINA,2018-09-06T00:00:00Z,gou472995,SRP115974,young leaves,,
SRR7716143,1 month,WGS,300,8644604700,PRJNA394943,SAMN07540443,Plant,3832413881,NOVOGENE,public,"fastq,sra","gs,ncbi,s3","gs.US,ncbi.public,s3.us-east-1",SRX4645132,Argentina,South America,Argentina: Jujuy,Illumina HiSeq 4000,36991,gou473019,PAIRED,unspecified,GENOMIC,Solanum gourlayi,ILLUMINA,2018-09-06T00:00:00Z,gou473019,SRP115974,young leaves,,
SRR7716144,1 month,WGS,300,7525568100,PRJNA394943,SAMN07540448,Plant,3237115161,NOVOGENE,public,"fastq,sra","gs,ncbi,s3","gs.US,ncbi.public,s3.us-east-1",SRX4645133,Argentina,South America,Argentina: Salta,Illumina HiSeq 4000,36996,gou473077,PAIRED,unspecified,GENOMIC,Solanum gourlayi,ILLUMINA,2018-09-06T00:00:00Z,gou473077,SRP115974,young leaves,,
SRR7716145,1 month,WGS,300,7690677900,PRJNA394943,SAMN07540449,Plant,3346384579,NOVOGENE,public,"fastq,sra","gs,ncbi,s3","gs.US,ncbi.public,s3.us-east-1",SRX4645134,Argentina,South America,Argentina: Salta,Illumina HiSeq 4000,36997,gou473106,PAIRED,unspecified,GENOMIC,Solanum gourlayi,ILLUMINA,2018-09-06T00:00:00Z,gou473106,SRP115974,young leaves,,
SRR7716146,1 month,WGS,300,7378333500,PRJNA394943,SAMN07540490,Plant,3270952253,NOVOGENE,public,"fastq,sra","gs,ncbi,s3","gs.US,ncbi.public,s3.us-east-1",SRX4645135,Argentina,South America,Argentina: Jujuy,Illumina HiSeq 4000,37038,gou500022,PAIRED,unspecified,GENOMIC,Solanum gourlayi,ILLUMINA,2018-09-06T00:00:00Z,gou500022,SRP115974,young leaves,,
SRR7716147,1 month,WGS,300,7763211900,PRJNA394943,SAMN07540495,Plant,3350190056,NOVOGENE,public,"fastq,sra","gs,ncbi,s3","gs.US,ncbi.public,s3.us-east-1",SRX4645136,Bolivia,South America,Bolivia: Potosi,Illumina HiSeq 4000,37043,gou537026,PAIRED,unspecified,GENOMIC,Solanum gourlayi,ILLUMINA,2018-09-06T00:00:00Z,gou537026,SRP115974,young leaves,,
SRR7716148,1 month,WGS,300,8259704400,PRJNA394943,SAMN07540499,Plant,3633116439,NOVOGENE,public,"fastq,sra","gs,ncbi,s3","gs.US,ncbi.public,s3.us-east-1",SRX4645137,Bolivia,South America,Bolivia: Potosi,Illumina HiSeq 4000,37047,gou545865,PAIRED,unspecified,GENOMIC,Solanum gourlayi,ILLUMINA,2018-09-06T00:00:00Z,gou545865,SRP115974,young leaves,,
SRR7716149,1 month,WGS,300,7416226800,PRJNA394943,SAMN07540506,Plant,3327206404,NOVOGENE,public,"fastq,sra","gs,ncbi,s3","gs.US,ncbi.public,s3.us-east-1",SRX4645138,Bolivia,South America,Bolivia: Chuquisaca,Illumina HiSeq 4000,37054,gou545975,PAIRED,unspecified,GENOMIC,Solanum gourlayi,ILLUMINA,2018-09-06T00:00:00Z,gou545975,SRP115974,young leaves,,
SRR7716150,1 month,WGS,300,7846808400,PRJNA394943,SAMN07540507,Plant,3493880256,NOVOGENE,public,"fastq,sra","gs,ncbi,s3","gs.US,ncbi.public,s3.us-east-1",SRX4645139,Bolivia,South America,Bolivia: Chuquisaca,Illumina HiSeq 4000,37055,gou545978,PAIRED,unspecified,GENOMIC,Solanum gourlayi,ILLUMINA,2018-09-06T00:00:00Z,gou545978,SRP115974,young leaves,,
SRR7716151,1 month,WGS,300,7877697300,PRJNA394943,SAMN07540513,Plant,3526201601,NOVOGENE,public,"fastq,sra","gs,ncbi,s3","gs.US,ncbi.public,s3.us-east-1",SRX4645140,Argentina,South America,Argentina: Jujuy,Illumina HiSeq 4000,37061,gou558067,PAIRED,unspecified,GENOMIC,Solanum gourlayi,ILLUMINA,2018-09-06T00:00:00Z,gou558067,SRP115974,young leaves,,
SRR7716152,1 month,WGS,300,7831739100,PRJNA394943,SAMN07540539,Plant,3446578380,NOVOGENE,public,"fastq,sra","gs,ncbi,s3","gs.US,ncbi.public,s3.us-east-1",SRX4645141,Colombia,South America,Colombia: Norte de Santander,Illumina HiSeq 4000,37087,haw320364,PAIRED,unspecified,GENOMIC,Solanum stenotomum,ILLUMINA,2018-09-06T00:00:00Z,haw320364,SRP115974,young leaves,,
SRR7716153,1 month,WGS,300,9318203400,PRJNA394943,SAMN07540459,Plant,4053120817,NOVOGENE,public,"fastq,sra","gs,ncbi,s3","gs.US,ncbi.public,s3.us-east-1",SRX4645142,Bolivia,South America,Bolivia: Chuquisaca,Illumina HiSeq 4000,37007,hon473365,PAIRED,unspecified,GENOMIC,Solanum hondelmannii,ILLUMINA,2018-09-06T00:00:00Z,hon473365,SRP115974,young leaves,,
SRR7716154,1 month,WGS,300,7095243000,PRJNA394943,SAMN07540472,Plant,3303754728,NOVOGENE,public,"fastq,sra","gs,ncbi,s3","gs.US,ncbi.public,s3.us-east-1",SRX4645143,Bolivia,South America,Bolivia: Chuquisaca,Illumina HiSeq 4000,37020,hon498067,PAIRED,unspecified,GENOMIC,Solanum hondelmannii,ILLUMINA,2018-09-06T00:00:00Z,hon498067,SRP115974,young leaves,,
SRR7716155,1 month,WGS,300,7282619400,PRJNA394943,SAMN07540473,Plant,3289274939,NOVOGENE,public,"fastq,sra","gs,ncbi,s3","gs.US,ncbi.public,s3.us-east-1",SRX4645144,Bolivia,South America,Bolivia: Potosi,Illumina HiSeq 4000,37021,hon498071,PAIRED,unspecified,GENOMIC,Solanum hondelmannii,ILLUMINA,2018-09-06T00:00:00Z,hon498071,SRP115974,young leaves,,
SRR7716156,1 month,WGS,300,7583295900,PRJNA394943,SAMN07540500,Plant,3416162671,NOVOGENE,public,"fastq,sra","gs,ncbi,s3","gs.US,ncbi.public,s3.us-east-1",SRX4645145,Bolivia,South America,Bolivia: Cochabamba,Illumina HiSeq 4000,37048,hon545879,PAIRED,unspecified,GENOMIC,Solanum hondelmannii,ILLUMINA,2018-09-06T00:00:00Z,hon545879,SRP115974,young leaves,,
SRR7716157,1 month,WGS,300,7459130100,PRJNA394943,SAMN07540444,Plant,3267484419,NOVOGENE,public,"fastq,sra","gs,ncbi,s3","gs.US,ncbi.public,s3.us-east-1",SRX4645149,Argentina,South America,Argentina: Salta,Illumina HiSeq 4000,36992,inc473060,PAIRED,unspecified,GENOMIC,Solanum incamayoense,ILLUMINA,2018-09-06T00:00:00Z,inc473060,SRP115974,young leaves,,
SRR7716158,1 month,WGS,300,8353741800,PRJNA394943,SAMN07540445,Plant,3670226921,NOVOGENE,public,"fastq,sra","gs,ncbi,s3","gs.US,ncbi.public,s3.us-east-1",SRX4645150,Argentina,South America,Argentina: Salta,Illumina HiSeq 4000,36993,inc473067,PAIRED,unspecified,GENOMIC,Solanum incamayoense,ILLUMINA,2018-09-06T00:00:00Z,inc473067,SRP115974,young leaves,,
SRR7716159,1 month,WGS,300,6983380800,PRJNA394943,SAMN07540446,Plant,3107281874,NOVOGENE,public,"fastq,sra","gs,ncbi,s3","gs.US,ncbi.public,s3.us-east-1",SRX4645151,Argentina,South America,Argentina: Salta,Illumina HiSeq 4000,36994,inc473069,PAIRED,unspecified,GENOMIC,Solanum incamayoense,ILLUMINA,2018-09-06T00:00:00Z,inc473069,SRP115974,young leaves,,
SRR7716160,1 month,WGS,300,8631291300,PRJNA394943,SAMN07540447,Plant,3924010339,NOVOGENE,public,"fastq,sra","gs,ncbi,s3","gs.US,ncbi.public,s3.us-east-1",SRX4645152,Argentina,South America,Argentina: Salta,Illumina HiSeq 4000,36995,inc473070,PAIRED,unspecified,GENOMIC,Solanum incamayoense,ILLUMINA,2018-09-06T00:00:00Z,inc473070,SRP115974,young leaves,,
SRR7716161,1 month,WGS,300,6994881900,PRJNA394943,SAMN07540492,Plant,3103424267,NOVOGENE,public,"fastq,sra","gs,ncbi,s3","gs.US,ncbi.public,s3.us-east-1",SRX4645153,Argentina,South America,Argentina: Salta,Illumina HiSeq 4000,37040,inc500048,PAIRED,unspecified,GENOMIC,Solanum incamayoense,ILLUMINA,2018-09-06T00:00:00Z,inc500048,SRP115974,young leaves,,
SRR7716162,1 month,WGS,300,8119092300,PRJNA394943,SAMN07540434,Plant,3204574846,NOVOGENE,public,"fastq,sra","gs,ncbi,s3","gs.US,ncbi.public,s3.us-east-1",SRX4645156,Argentina,South America,Argentina: La Rioja,Illumina HiSeq 4000,36982,kur472924,PAIRED,unspecified,GENOMIC,Solanum kurtzianum,ILLUMINA,2018-09-06T00:00:00Z,kur472924,SRP115974,young leaves,,
SRR7716163,1 month,WGS,300,7670792700,PRJNA394943,SAMN07540435,Plant,3053480909,NOVOGENE,public,"fastq,sra","gs,ncbi,s3","gs.US,ncbi.public,s3.us-east-1",SRX4645157,Argentina,South America,Argentina: Catamarca,Illumina HiSeq 4000,36983,kur472936,PAIRED,unspecified,GENOMIC,Solanum kurtzianum,ILLUMINA,2018-09-06T00:00:00Z,kur472936,SRP115974,young leaves,,
SRR7716164,1 month,WGS,300,8223467100,PRJNA394943,SAMN07540436,Plant,3326864162,NOVOGENE,public,"fastq,sra","gs,ncbi,s3","gs.US,ncbi.public,s3.us-east-1",SRX4645158,Argentina,South America,Argentina: La Rioja,Illumina HiSeq 4000,36984,kur472948,PAIRED,unspecified,GENOMIC,Solanum kurtzianum,ILLUMINA,2018-09-06T00:00:00Z,kur472948,SRP115974,young leaves,,
SRR7716165,1 month,WGS,300,7948945500,PRJNA394943,SAMN07540437,Plant,3319477436,NOVOGENE,public,"fastq,sra","gs,ncbi,s3","gs.US,ncbi.public,s3.us-east-1",SRX4645159,Argentina,South America,Argentina: Catamarca,Illumina HiSeq 4000,36985,kur472952,PAIRED,unspecified,GENOMIC,Solanum kurtzianum,ILLUMINA,2018-09-06T00:00:00Z,kur472952,SRP115974,young leaves,,
SRR7716166,1 month,WGS,300,7617695100,PRJNA394943,SAMN07540515,Plant,3388734005,NOVOGENE,public,"fastq,sra","gs,ncbi,s3","gs.US,ncbi.public,s3.us-east-1",SRX4645160,Argentina,South America,Argentina: Mendoza,Illumina HiSeq 4000,37063,kur558185,PAIRED,unspecified,GENOMIC,Solanum kurtzianum,ILLUMINA,2018-09-06T00:00:00Z,kur558185,SRP115974,young leaves,,
SRR7716167,1 month,WGS,300,8440333500,PRJNA394943,SAMN07540516,Plant,3874479455,NOVOGENE,public,"fastq,sra","gs,ncbi,s3","gs.US,ncbi.public,s3.us-east-1",SRX4645161,Argentina,South America,Argentina: La Rioja,Illumina HiSeq 4000,37064,kur558208,PAIRED,unspecified,GENOMIC,Solanum kurtzianum,ILLUMINA,2018-09-06T00:00:00Z,kur558208,SRP115974,young leaves,,
SRR7716168,1 month,WGS,300,7608004500,PRJNA394943,SAMN07540546,Plant,3477087672,NOVOGENE,public,"fastq,sra","gs,ncbi,s3","gs.US,ncbi.public,s3.us-east-1",SRX4645162,Peru,South America,Peru: Cuzco,Illumina HiSeq 4000,37094,lax283088,PAIRED,unspecified,GENOMIC,Solanum laxissimum,ILLUMINA,2018-09-06T00:00:00Z,lax283088,SRP115974,young leaves,,
SRR7716169,1 month,WGS,300,8805729600,PRJNA394943,SAMN07540550,Plant,3890204518,NOVOGENE,public,"fastq,sra","gs,ncbi,s3","gs.US,ncbi.public,s3.us-east-1",SRX4645163,Bolivia,South America,Bolivia,Illumina HiSeq 4000,37098,lax498252,PAIRED,unspecified,GENOMIC,Solanum laxissimum,ILLUMINA,2018-09-06T00:00:00Z,lax498252,SRP115974,young leaves,,
SRR7716170,1 month,WGS,300,9316753500,PRJNA394943,SAMN07540553,Plant,4124652322,NOVOGENE,public,"fastq,sra","gs,ncbi,s3","gs.US,ncbi.public,s3.us-east-1",SRX4645164,Peru,South America,Peru: Cuzco,Illumina HiSeq 4000,37101,lax607887,PAIRED,unspecified,GENOMIC,Solanum laxissimum,ILLUMINA,2018-09-06T00:00:00Z,lax607887,SRP115974,young leaves,,
SRR7716171,1 month,WGS,300,6530620200,PRJNA394943,SAMN07540426,Plant,2942422159,NOVOGENE,public,"fastq,sra","gs,ncbi,s3","gs.US,ncbi.public,s3.us-east-1",SRX4645165,Peru,South America,Peru: Puno,Illumina HiSeq 4000,36974,lep458378,PAIRED,unspecified,GENOMIC,Solanum leptophyes,ILLUMINA,2018-09-06T00:00:00Z,lep458378,SRP115974,young leaves,,
SRR7716172,1 month,WGS,300,7242558300,PRJNA394943,SAMN07540455,Plant,3181943906,NOVOGENE,public,"fastq,sra","gs,ncbi,s3","gs.US,ncbi.public,s3.us-east-1",SRX4645166,Bolivia,South America,Bolivia: La Paz,Illumina HiSeq 4000,37003,lep473342,PAIRED,unspecified,GENOMIC,Solanum leptophyes,ILLUMINA,2018-09-06T00:00:00Z,lep473342,SRP115974,young leaves,,
SRR7716173,1 month,WGS,300,8449647300,PRJNA394943,SAMN07540463,Plant,3741195746,NOVOGENE,public,"fastq,sra","gs,ncbi,s3","gs.US,ncbi.public,s3.us-east-1",SRX4645167,Peru,South America,Peru:Cuzco,Illumina HiSeq 4000,37011,lep473446,PAIRED,unspecified,GENOMIC,Solanum leptophyes,ILLUMINA,2018-09-06T00:00:00Z,lep473446,SRP115974,young leaves,,
SRR7716174,1 month,WGS,300,8209181100,PRJNA394943,SAMN07540464,Plant,3659520959,NOVOGENE,public,"fastq,sra","gs,ncbi,s3","gs.US,ncbi.public,s3.us-east-1",SRX4645168,Peru,South America,Peru: Ayacucho,Illumina HiSeq 4000,37012,lep473451,PAIRED,unspecified,GENOMIC,Solanum leptophyes,ILLUMINA,2018-09-06T00:00:00Z,lep473451,SRP115974,young leaves,,
SRR7716175,1 month,WGS,300,7723957200,PRJNA394943,SAMN07540509,Plant,3368044052,NOVOGENE,public,"fastq,sra","gs,ncbi,s3","gs.US,ncbi.public,s3.us-east-1",SRX4645169,Bolivia,South America,Bolivia: Oruro,Illumina HiSeq 4000,37057,lep545985,PAIRED,unspecified,GENOMIC,Solanum leptophyes,ILLUMINA,2018-09-06T00:00:00Z,lep545985,SRP115974,young leaves,,
SRR7716176,1 month,WGS,300,8171089800,PRJNA394943,SAMN07540510,Plant,3580970456,NOVOGENE,public,"fastq,sra","gs,ncbi,s3","gs.US,ncbi.public,s3.us-east-1",SRX4645170,Bolivia,South America,Bolivia: Potosi,Illumina HiSeq 4000,37058,lep545987,PAIRED,unspecified,GENOMIC,Solanum leptophyes,ILLUMINA,2018-09-06T00:00:00Z,lep545987,SRP115974,young leaves,,
SRR7716177,1 month,WGS,300,8027808900,PRJNA394943,SAMN07540465,Plant,3653441736,NOVOGENE,public,"fastq,sra","gs,ncbi,s3","gs.US,ncbi.public,s3.us-east-1",SRX4645171,Peru,South America,Peru,Illumina HiSeq 4000,37013,lim473468,PAIRED,unspecified,GENOMIC,Solanum limbaniense,ILLUMINA,2018-09-06T00:00:00Z,lim473468,SRP115974,young leaves,,
SRR7716178,1 month,WGS,300,7201902000,PRJNA394943,SAMN07540387,Plant,3012979660,NOVOGENE,public,"fastq,sra","gs,ncbi,s3","gs.US,ncbi.public,s3.us-east-1",SRX4645172,Peru,South America,Peru: Cuzco,Illumina HiSeq 4000,36935,mar210040,PAIRED,unspecified,GENOMIC,Solanum marinasense,ILLUMINA,2018-09-06T00:00:00Z,mar210040,SRP115974,young leaves,,
SRR7716179,1 month,WGS,300,7482870600,PRJNA394943,SAMN07540408,Plant,3415596198,NOVOGENE,public,"fastq,sra","gs,ncbi,s3","gs.US,ncbi.public,s3.us-east-1",SRX4645173,Peru,South America,Peru: Puno,Illumina HiSeq 4000,36956,mar310944,PAIRED,unspecified,GENOMIC,Solanum marinasense,ILLUMINA,2018-09-06T00:00:00Z,mar310944,SRP115974,young leaves,,
SRR7716180,1 month,WGS,300,7018880700,PRJNA394943,SAMN07540389,Plant,3073432347,NOVOGENE,public,"fastq,sra","gs,ncbi,s3","gs.US,ncbi.public,s3.us-east-1",SRX4645174,Peru,South America,Peru: Lima,Illumina HiSeq 4000,36937,med210045,PAIRED,unspecified,GENOMIC,Solanum medians,ILLUMINA,2018-09-06T00:00:00Z,med210045,SRP115974,young leaves,,
SRR7716181,1 month,WGS,300,7089064500,PRJNA394943,SAMN07540394,Plant,3121980618,NOVOGENE,public,"fastq,sra","gs,ncbi,s3","gs.US,ncbi.public,s3.us-east-1",SRX4645175,Peru,South America,Peru: Junin,Illumina HiSeq 4000,36942,med230507,PAIRED,unspecified,GENOMIC,Solanum medians,ILLUMINA,2018-09-06T00:00:00Z,med230507,SRP115974,young leaves,,
SRR7716182,1 month,WGS,300,8064925200,PRJNA394943,SAMN07540409,Plant,3553306743,NOVOGENE,public,"fastq,sra","gs,ncbi,s3","gs.US,ncbi.public,s3.us-east-1",SRX4645176,Peru,South America,Peru: Lima,Illumina HiSeq 4000,36957,med320260,PAIRED,unspecified,GENOMIC,Solanum medians,ILLUMINA,2018-09-06T00:00:00Z,med320260,SRP115974,young leaves,,
SRR7716183,1 month,WGS,300,7221626700,PRJNA394943,SAMN07540428,Plant,3169079633,NOVOGENE,public,"fastq,sra","gs,ncbi,s3","gs.US,ncbi.public,s3.us-east-1",SRX4645177,Peru,South America,Peru: Lima,Illumina HiSeq 4000,36976,med458402,PAIRED,unspecified,GENOMIC,Solanum medians,ILLUMINA,2018-09-06T00:00:00Z,med458402,SRP115974,young leaves,,
SRR7716184,1 month,WGS,300,7420085100,PRJNA394943,SAMN07540469,Plant,3262248028,NOVOGENE,public,"fastq,sra","gs,ncbi,s3","gs.US,ncbi.public,s3.us-east-1",SRX4645178,Peru,South America,Peru: Lima,Illumina HiSeq 4000,37017,med473496,PAIRED,unspecified,GENOMIC,Solanum medians,ILLUMINA,2018-09-06T00:00:00Z,med473496,SRP115974,young leaves,,
SRR7716185,1 month,WGS,300,7586253900,PRJNA394943,SAMN07540385,Plant,3164340856,NOVOGENE,public,"fastq,sra","gs,ncbi,s3","gs.US,ncbi.public,s3.us-east-1",SRX4645179,Bolivia,South America,Bolivia: Potosi,Illumina HiSeq 4000,36933,meg210034,PAIRED,unspecified,GENOMIC,Solanum megistacrolobum,ILLUMINA,2018-09-06T00:00:00Z,meg210034,SRP115974,young leaves,,
SRR7716186,1 month,WGS,300,8031125100,PRJNA394943,SAMN07540450,Plant,3591995978,NOVOGENE,public,"fastq,sra","gs,ncbi,s3","gs.US,ncbi.public,s3.us-east-1",SRX4645180,Argentina,South America,Argentina: Salta,Illumina HiSeq 4000,36998,meg473158,PAIRED,unspecified,GENOMIC,Solanum megistacrolobum,ILLUMINA,2018-09-06T00:00:00Z,meg473158,SRP115974,young leaves,,
SRR7716187,1 month,WGS,300,8264390700,PRJNA394943,SAMN07540491,Plant,3704709554,NOVOGENE,public,"fastq,sra","gs,ncbi,s3","gs.US,ncbi.public,s3.us-east-1",SRX4645181,Argentina,South America,Argentina: Salta,Illumina HiSeq 4000,37039,meg500029,PAIRED,unspecified,GENOMIC,Solanum megistacrolobum,ILLUMINA,2018-09-06T00:00:00Z,meg500029,SRP115974,young leaves,,
SRR7716188,1 month,WGS,300,7855478700,PRJNA394943,SAMN07540511,Plant,3507604162,NOVOGENE,public,"fastq,sra","gs,ncbi,s3","gs.US,ncbi.public,s3.us-east-1",SRX4645182,Bolivia,South America,Bolivia: Chuquisaca,Illumina HiSeq 4000,37059,meg546000,PAIRED,unspecified,GENOMIC,Solanum megistacrolobum,ILLUMINA,2018-09-06T00:00:00Z,meg546000,SRP115974,young leaves,,
SRR7716189,1 month,WGS,300,7197644100,PRJNA394943,SAMN07540388,Plant,3016402692,NOVOGENE,public,"fastq,sra","gs,ncbi,s3","gs.US,ncbi.public,s3.us-east-1",SRX4645183,Peru,South America,Peru: Junin,Illumina HiSeq 4000,36936,mul210044,PAIRED,unspecified,GENOMIC,Solanum multiinterruptum,ILLUMINA,2018-09-06T00:00:00Z,mul210044,SRP115974,young leaves,,
SRR7716190,1 month,WGS,300,7186830600,PRJNA394943,SAMN07540390,Plant,3019343807,NOVOGENE,public,"fastq,sra","gs,ncbi,s3","gs.US,ncbi.public,s3.us-east-1",SRX4645184,Peru,South America,Peru: Ayacucho,Illumina HiSeq 4000,36938,mul210052,PAIRED,unspecified,GENOMIC,Solanum bukasovii f. multidissectum,ILLUMINA,2018-09-06T00:00:00Z,mul210052,SRP115974,young leaves,multidissectum,
SRR7716191,1 month,WGS,300,6872544600,PRJNA394943,SAMN07540391,Plant,3036297822,NOVOGENE,public,"fastq,sra","gs,ncbi,s3","gs.US,ncbi.public,s3.us-east-1",SRX4645185,Peru,South America,Peru: Cuzco,Illumina HiSeq 4000,36939,mul210055,PAIRED,unspecified,GENOMIC,Solanum bukasovii f. multidissectum,ILLUMINA,2018-09-06T00:00:00Z,mul210055,SRP115974,young leaves,multidissectum,
SRR7716192,1 month,WGS,300,8257311600,PRJNA394943,SAMN07540456,Plant,3691916627,NOVOGENE,public,"fastq,sra","gs,ncbi,s3","gs.US,ncbi.public,s3.us-east-1",SRX4645190,Peru,South America,Peru: Cuzco,Illumina HiSeq 4000,37004,mul473349,PAIRED,unspecified,GENOMIC,Solanum bukasovii f. multidissectum,ILLUMINA,2018-09-06T00:00:00Z,mul473349,SRP115974,young leaves,multidissectum,
SRR7716193,1 month,WGS,300,6907132500,PRJNA394943,SAMN07540457,Plant,3047056007,NOVOGENE,public,"fastq,sra","gs,ncbi,s3","gs.US,ncbi.public,s3.us-east-1",SRX4645191,Peru,South America,Peru: Puno,Illumina HiSeq 4000,37005,mul473352,PAIRED,unspecified,GENOMIC,Solanum bukasovii f. multidissectum,ILLUMINA,2018-09-06T00:00:00Z,mul473352,SRP115974,young leaves,multidissectum,
SRR7716194,1 month,WGS,300,8505219300,PRJNA394943,SAMN07540543,Plant,3874837686,NOVOGENE,public,"fastq,sra","gs,ncbi,s3","gs.US,ncbi.public,s3.us-east-1",SRX4645193,Chile,South America,Chile: La Araucania,Illumina HiSeq 4000,37091,pal245763,PAIRED,unspecified,GENOMIC,Solanum palustre,ILLUMINA,2018-09-06T00:00:00Z,pal245763,SRP115974,young leaves,,
SRR7716195,1 month,WGS,300,6966532800,PRJNA394943,SAMN07540404,Plant,3140901596,NOVOGENE,public,"fastq,sra","gs,ncbi,s3","gs.US,ncbi.public,s3.us-east-1",SRX4645194,Peru,South America,Peru: Ayacucho,Illumina HiSeq 4000,36952,pam275274,PAIRED,unspecified,GENOMIC,Solanum pampasense,ILLUMINA,2018-09-06T00:00:00Z,pam275274,SRP115974,young leaves,,
SRR7716196,1 month,WGS,300,8524204200,PRJNA394943,SAMN07540405,Plant,3830356343,NOVOGENE,public,"fastq,sra","gs,ncbi,s3","gs.US,ncbi.public,s3.us-east-1",SRX4645195,Peru,South America,Peru: Ayacucho,Illumina HiSeq 4000,36953,pam275275,PAIRED,unspecified,GENOMIC,Solanum pampasense,ILLUMINA,2018-09-06T00:00:00Z,pam275275,SRP115974,young leaves,,
SRR7716197,1 month,WGS,300,7480110000,PRJNA394943,SAMN07540421,Plant,3328275395,NOVOGENE,public,"fastq,sra","gs,ncbi,s3","gs.US,ncbi.public,s3.us-east-1",SRX4645196,Peru,South America,Peru: Apurimac,Illumina HiSeq 4000,36969,pam442697,PAIRED,unspecified,GENOMIC,Solanum pampasense,ILLUMINA,2018-09-06T00:00:00Z,pam442697,SRP115974,young leaves,,
SRR7716198,1 month,WGS,300,7874847900,PRJNA394943,SAMN07540427,Plant,3571330812,NOVOGENE,public,"fastq,sra","gs,ncbi,s3","gs.US,ncbi.public,s3.us-east-1",SRX4645197,Peru,South America,Peru: Ayacucho,Illumina HiSeq 4000,36975,pam458381,PAIRED,unspecified,GENOMIC,Solanum pampasense,ILLUMINA,2018-09-06T00:00:00Z,pam458381,SRP115974,young leaves,,
SRR7716199,1 month,WGS,300,7146891600,PRJNA394943,SAMN07540523,Plant,3273629890,NOVOGENE,public,"fastq,sra","gs,ncbi,s3","gs.US,ncbi.public,s3.us-east-1",SRX4645199,Ecuador,South America,Ecuador: Pichincha,Illumina HiSeq 4000,37071,phu195191,PAIRED,unspecified,GENOMIC,Solanum phureja,ILLUMINA,2018-09-06T00:00:00Z,phu195191,SRP115974,young leaves,,
SRR7716200,1 month,WGS,300,7717568100,PRJNA394943,SAMN07540524,Plant,3399185524,NOVOGENE,public,"fastq,sra","gs,ncbi,s3","gs.US,ncbi.public,s3.us-east-1",SRX4645200,Colombia,South America,Colombia: Narino,Illumina HiSeq 4000,37072,phu195198,PAIRED,unspecified,GENOMIC,Solanum phureja,ILLUMINA,2018-09-06T00:00:00Z,phu195198,SRP115974,young leaves,,
SRR7716201,1 month,WGS,300,7172563200,PRJNA394943,SAMN07540528,Plant,3271231258,NOVOGENE,public,"fastq,sra","gs,ncbi,s3","gs.US,ncbi.public,s3.us-east-1",SRX4645201,Colombia,South America,Colombia: Cauca,Illumina HiSeq 4000,37076,phu225665,PAIRED,unspecified,GENOMIC,Solanum phureja,ILLUMINA,2018-09-06T00:00:00Z,phu225665,SRP115974,young leaves,,
SRR7716202,1 month,WGS,300,7513433700,PRJNA394943,SAMN07540529,Plant,3474481184,NOVOGENE,public,"fastq,sra","gs,ncbi,s3","gs.US,ncbi.public,s3.us-east-1",SRX4645202,Colombia,South America,Colombia: Cundinamarca,Illumina HiSeq 4000,37077,phu225693,PAIRED,unspecified,GENOMIC,Solanum phureja,ILLUMINA,2018-09-06T00:00:00Z,phu225693,SRP115974,young leaves,,
SRR7716203,1 month,WGS,300,8182620300,PRJNA394943,SAMN07540530,Plant,3592141632,NOVOGENE,public,"fastq,sra","gs,ncbi,s3","gs.US,ncbi.public,s3.us-east-1",SRX4645203,Colombia,South America,Colombia: Boyaca,Illumina HiSeq 4000,37078,phu225703,PAIRED,unspecified,GENOMIC,Solanum phureja,ILLUMINA,2018-09-06T00:00:00Z,phu225703,SRP115974,young leaves,,
SRR7716204,1 month,WGS,300,8399275500,PRJNA394943,SAMN07540534,Plant,3735208893,NOVOGENE,public,"fastq,sra","gs,ncbi,s3","gs.US,ncbi.public,s3.us-east-1",SRX4645204,Colombia,South America,Colombia: Valle,Illumina HiSeq 4000,37082,phu243467,PAIRED,unspecified,GENOMIC,Solanum phureja,ILLUMINA,2018-09-06T00:00:00Z,phu243467,SRP115974,young leaves,,
SRR7716205,1 month,WGS,300,7665512100,PRJNA394943,SAMN07540535,Plant,3538582189,NOVOGENE,public,"fastq,sra","gs,ncbi,s3","gs.US,ncbi.public,s3.us-east-1",SRX4645205,Colombia,South America,Colombia: Narino,Illumina HiSeq 4000,37083,phu243468,PAIRED,unspecified,GENOMIC,Solanum phureja,ILLUMINA,2018-09-06T00:00:00Z,phu243468,SRP115974,young leaves,,
SRR7716206,1 month,WGS,300,8226874200,PRJNA394943,SAMN07540536,Plant,3621442959,NOVOGENE,public,"fastq,sra","gs,ncbi,s3","gs.US,ncbi.public,s3.us-east-1",SRX4645206,Peru,South America,Peru: Apurimac,Illumina HiSeq 4000,37084,phu243469,PAIRED,unspecified,GENOMIC,Solanum phureja,ILLUMINA,2018-09-06T00:00:00Z,phu243469,SRP115974,young leaves,,
SRR7716207,1 month,WGS,300,7378436400,PRJNA394943,SAMN07540537,Plant,3356820099,NOVOGENE,public,"fastq,sra","gs,ncbi,s3","gs.US,ncbi.public,s3.us-east-1",SRX4645207,Bolivia,South America,Bolivia: Santa Cruz,Illumina HiSeq 4000,37085,phu258855,PAIRED,unspecified,GENOMIC,Solanum phureja,ILLUMINA,2018-09-06T00:00:00Z,phu258855,SRP115974,young leaves,,
SRR7716208,1 month,WGS,300,7892357100,PRJNA394943,SAMN07540395,Plant,3616169782,NOVOGENE,public,"fastq,sra","gs,ncbi,s3","gs.US,ncbi.public,s3.us-east-1",SRX4645211,Peru,South America,Peru: La Libertad,Illumina HiSeq 4000,36943,sog230510,PAIRED,unspecified,GENOMIC,Solanum sogarandinum,ILLUMINA,2018-09-06T00:00:00Z,sog230510,SRP115974,young leaves,,
SRR7716209,1 month,WGS,300,7432379400,PRJNA394943,SAMN07540416,Plant,3270222111,NOVOGENE,public,"fastq,sra","gs,ncbi,s3","gs.US,ncbi.public,s3.us-east-1",SRX4645212,Peru,South America,Peru: Ancash,Illumina HiSeq 4000,36964,sog365360,PAIRED,unspecified,GENOMIC,Solanum sogarandinum,ILLUMINA,2018-09-06T00:00:00Z,sog365360,SRP115974,young leaves,,
SRR7716210,1 month,WGS,300,8681065500,PRJNA394943,SAMN07540397,Plant,3848771553,NOVOGENE,public,"fastq,sra","gs,ncbi,s3","gs.US,ncbi.public,s3.us-east-1",SRX4645213,Peru,South America,Peru: Cuzco,Illumina HiSeq 4000,36945,spa246536,PAIRED,unspecified,GENOMIC,Solanum sparsipilum,ILLUMINA,2018-09-06T00:00:00Z,spa246536,SRP115974,young leaves,,
SRR7716211,1 month,WGS,300,8505069300,PRJNA394943,SAMN07540460,Plant,3825117954,NOVOGENE,public,"fastq,sra","gs,ncbi,s3","gs.US,ncbi.public,s3.us-east-1",SRX4645214,Bolivia,South America,Bolivia: Cochabamba,Illumina HiSeq 4000,37008,spa473375,PAIRED,unspecified,GENOMIC,Solanum sparsipilum,ILLUMINA,2018-09-06T00:00:00Z,spa473375,SRP115974,young leaves,,
SRR7716212,1 month,WGS,300,8130734700,PRJNA394943,SAMN07540462,Plant,3630441665,NOVOGENE,public,"fastq,sra","gs,ncbi,s3","gs.US,ncbi.public,s3.us-east-1",SRX4645215,Peru,South America,Peru: Cuzco,Illumina HiSeq 4000,37010,spa473385,PAIRED,unspecified,GENOMIC,Solanum sparsipilum,ILLUMINA,2018-09-06T00:00:00Z,spa473385,SRP115974,young leaves,,
SRR7716213,1 month,WGS,300,7515901200,PRJNA394943,SAMN07540479,Plant,3474190821,NOVOGENE,public,"fastq,sra","gs,ncbi,s3","gs.US,ncbi.public,s3.us-east-1",SRX4645216,Bolivia,South America,Bolivia: Cochabamba,Illumina HiSeq 4000,37027,spa498134,PAIRED,unspecified,GENOMIC,Solanum sparsipilum,ILLUMINA,2018-09-06T00:00:00Z,spa498134,SRP115974,young leaves,,
SRR7716214,1 month,WGS,300,7021910100,PRJNA394943,SAMN07540487,Plant,3239773009,NOVOGENE,public,"fastq,sra","gs,ncbi,s3","gs.US,ncbi.public,s3.us-east-1",SRX4645217,Bolivia,South America,Bolivia: La Paz,Illumina HiSeq 4000,37035,spa498284,PAIRED,unspecified,GENOMIC,Solanum sparsipilum,ILLUMINA,2018-09-06T00:00:00Z,spa498284,SRP115974,young leaves,,
SRR7716215,1 month,WGS,300,7981448700,PRJNA394943,SAMN07540488,Plant,3651784643,NOVOGENE,public,"fastq,sra","gs,ncbi,s3","gs.US,ncbi.public,s3.us-east-1",SRX4645218,Bolivia,South America,Bolivia: Potosi,Illumina HiSeq 4000,37036,spa498285,PAIRED,unspecified,GENOMIC,Solanum sparsipilum,ILLUMINA,2018-09-06T00:00:00Z,spa498285,SRP115974,young leaves,,
SRR7716216,1 month,WGS,300,6689902800,PRJNA394943,SAMN07540411,Plant,2980294488,NOVOGENE,public,"fastq,sra","gs,ncbi,s3","gs.US,ncbi.public,s3.us-east-1",SRX4645219,Argentina,South America,Argentina: Catamarca,Illumina HiSeq 4000,36959,spe320299,PAIRED,unspecified,GENOMIC,Solanum spegazzinii,ILLUMINA,2018-09-06T00:00:00Z,spe320299,SRP115974,young leaves,,
SRR7716217,1 month,WGS,300,8155002600,PRJNA394943,SAMN07540422,Plant,3635303186,NOVOGENE,public,"fastq,sra","gs,ncbi,s3","gs.US,ncbi.public,s3.us-east-1",SRX4645220,Argentina,South America,Argentina: Salta,Illumina HiSeq 4000,36970,spe458335,PAIRED,unspecified,GENOMIC,Solanum spegazzinii,ILLUMINA,2018-09-06T00:00:00Z,spe458335,SRP115974,young leaves,,
SRR7716218,1 month,WGS,300,7402718700,PRJNA394943,SAMN07540423,Plant,3377368679,NOVOGENE,public,"fastq,sra","gs,ncbi,s3","gs.US,ncbi.public,s3.us-east-1",SRX4645221,Argentina,South America,Argentina: La Rioja,Illumina HiSeq 4000,36971,spe458337,PAIRED,unspecified,GENOMIC,Solanum spegazzinii,ILLUMINA,2018-09-06T00:00:00Z,spe458337,SRP115974,young leaves,,
SRR7716219,1 month,WGS,300,8454160200,PRJNA394943,SAMN07540438,Plant,3729545547,NOVOGENE,public,"fastq,sra","gs,ncbi,s3","gs.US,ncbi.public,s3.us-east-1",SRX4645222,Argentina,South America,Argentina: La Rioja,Illumina HiSeq 4000,36986,spe472966,PAIRED,unspecified,GENOMIC,Solanum spegazzinii,ILLUMINA,2018-09-06T00:00:00Z,spe472966,SRP115974,young leaves,,
SRR7716220,1 month,WGS,300,6893185200,PRJNA394943,SAMN07540439,Plant,3089712337,NOVOGENE,public,"fastq,sra","gs,ncbi,s3","gs.US,ncbi.public,s3.us-east-1",SRX4645223,Argentina,South America,Argentina: Tucuman,Illumina HiSeq 4000,36987,spe472988,PAIRED,unspecified,GENOMIC,Solanum spegazzinii,ILLUMINA,2018-09-06T00:00:00Z,spe472988,SRP115974,young leaves,,
SRR7716221,1 month,WGS,300,7858444800,PRJNA394943,SAMN07540440,Plant,3395553543,NOVOGENE,public,"fastq,sra","gs,ncbi,s3","gs.US,ncbi.public,s3.us-east-1",SRX4645224,Argentina,South America,Argentina: La Rioja,Illumina HiSeq 4000,36988,spe472990,PAIRED,unspecified,GENOMIC,Solanum spegazzinii,ILLUMINA,2018-09-06T00:00:00Z,spe472990,SRP115974,young leaves,,
SRR7716222,1 month,WGS,300,8150170800,PRJNA394943,SAMN07540525,Plant,3629970598,NOVOGENE,public,"fastq,sra","gs,ncbi,s3","gs.US,ncbi.public,s3.us-east-1",SRX4645225,Peru,South America,Peru: Cuzco,Illumina HiSeq 4000,37073,ste195204,PAIRED,unspecified,GENOMIC,Solanum stenotomum,ILLUMINA,2018-09-06T00:00:00Z,ste195204,SRP115974,young leaves,,
SRR7716223,1 month,WGS,300,7696494300,PRJNA394943,SAMN07540527,Plant,3516928663,NOVOGENE,public,"fastq,sra","gs,ncbi,s3","gs.US,ncbi.public,s3.us-east-1",SRX4645226,Peru,South America,Peru: Huanuco,Illumina HiSeq 4000,37075,ste205527,PAIRED,unspecified,GENOMIC,Solanum stenotomum,ILLUMINA,2018-09-06T00:00:00Z,ste205527,SRP115974,young leaves,,
SRR7716224,1 month,WGS,300,7357341000,PRJNA394943,SAMN07540531,Plant,3362440338,NOVOGENE,public,"fastq,sra","gs,ncbi,s3","gs.US,ncbi.public,s3.us-east-1",SRX4645227,Peru,South America,Peru: Amazonas,Illumina HiSeq 4000,37079,ste230512,PAIRED,unspecified,GENOMIC,Solanum stenotomum,ILLUMINA,2018-09-06T00:00:00Z,ste230512,SRP115974,young leaves,,
SRR7716225,1 month,WGS,300,7703125500,PRJNA394943,SAMN07540532,Plant,3386442816,NOVOGENE,public,"fastq,sra","gs,ncbi,s3","gs.US,ncbi.public,s3.us-east-1",SRX4645228,Peru,South America,Peru: Amazonas,Illumina HiSeq 4000,37080,ste230513,PAIRED,unspecified,GENOMIC,Solanum stenotomum,ILLUMINA,2018-09-06T00:00:00Z,ste230513,SRP115974,young leaves,,
SRR7716226,1 month,WGS,300,7388420100,PRJNA394943,SAMN07540533,Plant,3308499169,NOVOGENE,public,"fastq,sra","gs,ncbi,s3","gs.US,ncbi.public,s3.us-east-1",SRX4645229,Bolivia,South America,Bolivia,Illumina HiSeq 4000,37081,ste234011,PAIRED,unspecified,GENOMIC,Solanum stenotomum,ILLUMINA,2018-09-06T00:00:00Z,ste234011,SRP115974,young leaves,,
SRR7716227,1 month,WGS,300,8281020300,PRJNA394943,SAMN07540538,Plant,3735411547,NOVOGENE,public,"fastq,sra","gs,ncbi,s3","gs.US,ncbi.public,s3.us-east-1",SRX4645230,Colombia,South America,Colombia,Illumina HiSeq 4000,37086,ste283141,PAIRED,unspecified,GENOMIC,Solanum stenotomum,ILLUMINA,2018-09-06T00:00:00Z,ste283141,SRP115974,young leaves,,
SRR7716228,1 month,WGS,300,7165552800,PRJNA394943,SAMN07540540,Plant,3209415016,NOVOGENE,public,"fastq,sra","gs,ncbi,s3","gs.US,ncbi.public,s3.us-east-1",SRX4645231,Peru,South America,Peru: Junin,Illumina HiSeq 4000,37088,ste365344,PAIRED,unspecified,GENOMIC,Solanum stenotomum,ILLUMINA,2018-09-06T00:00:00Z,ste365344,SRP115974,young leaves,,
SRR7716229,1 month,WGS,300,8094513000,PRJNA394943,SAMN07540392,Plant,3597843721,NOVOGENE,public,"fastq,sra","gs,ncbi,s3","gs.US,ncbi.public,s3.us-east-1",SRX4645232,Argentina,South America,Argentina: Salta,Illumina HiSeq 4000,36940,tar217457,PAIRED,unspecified,GENOMIC,Solanum tarijense,ILLUMINA,2018-09-06T00:00:00Z,tar217457,SRP115974,young leaves,,
SRR7716230,1 month,WGS,300,8352228600,PRJNA394943,SAMN07540418,Plant,3698043051,NOVOGENE,public,"fastq,sra","gs,ncbi,s3","gs.US,ncbi.public,s3.us-east-1",SRX4645233,Bolivia,South America,Bolivia: Tarija,Illumina HiSeq 4000,36966,tar414152,PAIRED,unspecified,GENOMIC,Solanum tarijense,ILLUMINA,2018-09-06T00:00:00Z,tar414152,SRP115974,young leaves,,
SRR7716231,1 month,WGS,300,7304802600,PRJNA394943,SAMN07540424,Plant,3224143230,NOVOGENE,public,"fastq,sra","gs,ncbi,s3","gs.US,ncbi.public,s3.us-east-1",SRX4645234,Argentina,South America,Argentina: Salta,Illumina HiSeq 4000,36972,tar458366,PAIRED,unspecified,GENOMIC,Solanum tarijense,ILLUMINA,2018-09-06T00:00:00Z,tar458366,SRP115974,young leaves,,
SRR7716232,1 month,WGS,300,7201005900,PRJNA394943,SAMN07540451,Plant,3239219135,NOVOGENE,public,"fastq,sra","gs,ncbi,s3","gs.US,ncbi.public,s3.us-east-1",SRX4645235,Argentina,South America,Argentina: Salta,Illumina HiSeq 4000,36999,tar473217,PAIRED,unspecified,GENOMIC,Solanum tarijense,ILLUMINA,2018-09-06T00:00:00Z,tar473217,SRP115974,young leaves,,
SRR7716233,1 month,WGS,300,7920265800,PRJNA394943,SAMN07540452,Plant,3373002289,NOVOGENE,public,"fastq,sra","gs,ncbi,s3","gs.US,ncbi.public,s3.us-east-1",SRX4645236,Argentina,South America,Argentina: Salta,Illumina HiSeq 4000,37000,tar473218,PAIRED,unspecified,GENOMIC,Solanum tarijense,ILLUMINA,2018-09-06T00:00:00Z,tar473218,SRP115974,young leaves,,
SRR7716299,1 month,WGS,300,7099477800,PRJNA394943,SAMN07540384,Plant,3141599961,NOVOGENE,public,"fastq,sra","gs,ncbi,s3","gs.US,ncbi.public,s3.us-east-1",SRX4645237,Mexico,North America,Mexico: Tlaxcala,Illumina HiSeq 4000,36932,ver195170,PAIRED,unspecified,GENOMIC,Solanum verrucosum,ILLUMINA,2018-09-06T00:00:00Z,ver195170,SRP115974,young leaves,,
SRR7716300,1 month,WGS,300,7973325300,PRJNA394943,SAMN07540402,Plant,3499939191,NOVOGENE,public,"fastq,sra","gs,ncbi,s3","gs.US,ncbi.public,s3.us-east-1",SRX4645238,Mexico,North America,Mexico: Michoacan,Illumina HiSeq 4000,36950,ver275256,PAIRED,unspecified,GENOMIC,Solanum verrucosum,ILLUMINA,2018-09-06T00:00:00Z,ver275256,SRP115974,young leaves,,
SRR7716301,1 month,WGS,300,10181840700,PRJNA394943,SAMN07540403,Plant,4467817625,NOVOGENE,public,"fastq,sra","gs,ncbi,s3","gs.US,ncbi.public,s3.us-east-1",SRX4645239,Mexico,North America,Mexico: Hidalgo,Illumina HiSeq 4000,36951,ver275260,PAIRED,unspecified,GENOMIC,Solanum verrucosum,ILLUMINA,2018-09-06T00:00:00Z,ver275260,SRP115974,young leaves,,
SRR7716302,1 month,WGS,300,7983115500,PRJNA394943,SAMN07540412,Plant,3625290593,NOVOGENE,public,"fastq,sra","gs,ncbi,s3","gs.US,ncbi.public,s3.us-east-1",SRX4645240,Argentina,South America,Argentina: Catamarca,Illumina HiSeq 4000,36960,ver320332,PAIRED,unspecified,GENOMIC,Solanum vernei,ILLUMINA,2018-09-06T00:00:00Z,ver320332,SRP115974,young leaves,,
SRR7716303,1 month,WGS,300,7436557200,PRJNA394943,SAMN07540413,Plant,3409244257,NOVOGENE,public,"fastq,sra","gs,ncbi,s3","gs.US,ncbi.public,s3.us-east-1",SRX4645241,Argentina,South America,Argentina: Jujuy,Illumina HiSeq 4000,36961,ver320333,PAIRED,unspecified,GENOMIC,Solanum vernei,ILLUMINA,2018-09-06T00:00:00Z,ver320333,SRP115974,young leaves,,
SRR7716304,1 month,WGS,300,8677828200,PRJNA394943,SAMN07540425,Plant,3904947676,NOVOGENE,public,"fastq,sra","gs,ncbi,s3","gs.US,ncbi.public,s3.us-east-1",SRX4645242,Argentina,South America,Argentina: Salta,Illumina HiSeq 4000,36973,ver458370,PAIRED,unspecified,GENOMIC,Solanum vernei,ILLUMINA,2018-09-06T00:00:00Z,ver458370,SRP115974,young leaves,,
SRR7716305,1 month,WGS,300,7797559500,PRJNA394943,SAMN07540453,Plant,3573731540,NOVOGENE,public,"fastq,sra","gs,ncbi,s3","gs.US,ncbi.public,s3.us-east-1",SRX4645243,Argentina,South America,Argentina: Jujuy,Illumina HiSeq 4000,37001,ver473303,PAIRED,unspecified,GENOMIC,Solanum vernei,ILLUMINA,2018-09-06T00:00:00Z,ver473303,SRP115974,young leaves,,
SRR7716306,1 month,WGS,300,9190278600,PRJNA394943,SAMN07540454,Plant,4117399093,NOVOGENE,public,"fastq,sra","gs,ncbi,s3","gs.US,ncbi.public,s3.us-east-1",SRX4645244,Argentina,South America,Argentina: Salta,Illumina HiSeq 4000,37002,ver473309,PAIRED,unspecified,GENOMIC,Solanum vernei,ILLUMINA,2018-09-06T00:00:00Z,ver473309,SRP115974,young leaves,,
SRR7716307,1 month,WGS,300,6963460200,PRJNA394943,SAMN07540470,Plant,3141495382,NOVOGENE,public,"fastq,sra","gs,ncbi,s3","gs.US,ncbi.public,s3.us-east-1",SRX4645245,Mexico,North America,Mexico: Hidalgo,Illumina HiSeq 4000,37018,ver498010,PAIRED,unspecified,GENOMIC,Solanum verrucosum,ILLUMINA,2018-09-06T00:00:00Z,ver498010,SRP115974,young leaves,,
SRR7716308,1 month,WGS,300,7958708700,PRJNA394943,SAMN07540471,Plant,3518920096,NOVOGENE,public,"fastq,sra","gs,ncbi,s3","gs.US,ncbi.public,s3.us-east-1",SRX4645246,Mexico,North America,Mexico: Coahuila,Illumina HiSeq 4000,37019,ver498061,PAIRED,unspecified,GENOMIC,Solanum verrucosum,ILLUMINA,2018-09-06T00:00:00Z,ver498061,SRP115974,young leaves,,
SRR7716309,1 month,WGS,300,8047461600,PRJNA394943,SAMN07540493,Plant,3678739774,NOVOGENE,public,"fastq,sra","gs,ncbi,s3","gs.US,ncbi.public,s3.us-east-1",SRX4645247,Argentina,South America,Argentina: Salta,Illumina HiSeq 4000,37041,ver500070,PAIRED,unspecified,GENOMIC,Solanum vernei,ILLUMINA,2018-09-06T00:00:00Z,ver500070,SRP115974,young leaves,,
SRR7716310,1 month,WGS,300,7345892700,PRJNA394943,SAMN07540496,Plant,3324464519,NOVOGENE,public,"fastq,sra","gs,ncbi,s3","gs.US,ncbi.public,s3.us-east-1",SRX4645248,Mexico,North America,Mexico: Nuevo Leon,Illumina HiSeq 4000,37044,ver545745,PAIRED,unspecified,GENOMIC,Solanum verrucosum,ILLUMINA,2018-09-06T00:00:00Z,ver545745,SRP115974,young leaves,,
SRR7716311,1 month,WGS,300,8419833300,PRJNA394943,SAMN07540497,Plant,3808650558,NOVOGENE,public,"fastq,sra","gs,ncbi,s3","gs.US,ncbi.public,s3.us-east-1",SRX4645249,Mexico,North America,Mexico: Mexico,Illumina HiSeq 4000,37045,ver545747,PAIRED,unspecified,GENOMIC,Solanum verrucosum,ILLUMINA,2018-09-06T00:00:00Z,ver545747,SRP115974,young leaves,,
SRR7716312,1 month,WGS,300,8200773300,PRJNA394943,SAMN07540501,Plant,3609626684,NOVOGENE,public,"fastq,sra","gs,ncbi,s3","gs.US,ncbi.public,s3.us-east-1",SRX4645250,Bolivia,South America,Bolivia: Cochabamba,Illumina HiSeq 4000,37049,ver545884,PAIRED,unspecified,GENOMIC,Solanum microdontum,ILLUMINA,2018-09-06T00:00:00Z,ver545884,SRP115974,young leaves,,
SRR7716313,1 month,WGS,300,7481103300,PRJNA394943,SAMN07540514,Plant,3388146946,NOVOGENE,public,"fastq,sra","gs,ncbi,s3","gs.US,ncbi.public,s3.us-east-1",SRX4645251,Argentina,South America,Argentina: Jujuy,Illumina HiSeq 4000,37062,ver558150,PAIRED,unspecified,GENOMIC,Solanum vernei,ILLUMINA,2018-09-06T00:00:00Z,ver558150,SRP115974,young leaves,,
SRR7716314,1 month,WGS,300,8979281400,PRJNA394943,SAMN07540517,Plant,3957485788,NOVOGENE,public,"fastq,sra","gs,ncbi,s3","gs.US,ncbi.public,s3.us-east-1",SRX4645252,Mexico,North America,Mexico: Mexico,Illumina HiSeq 4000,37065,ver558463,PAIRED,unspecified,GENOMIC,Solanum verrucosum,ILLUMINA,2018-09-06T00:00:00Z,ver558463,SRP115974,young leaves,,
SRR7716315,1 month,WGS,300,8120274300,PRJNA394943,SAMN07540518,Plant,3641130626,NOVOGENE,public,"fastq,sra","gs,ncbi,s3","gs.US,ncbi.public,s3.us-east-1",SRX4645253,Mexico,North America,Mexico: Jalisco,Illumina HiSeq 4000,37066,ver558488,PAIRED,unspecified,GENOMIC,Solanum verrucosum,ILLUMINA,2018-09-06T00:00:00Z,ver558488,SRP115974,young leaves,,
SRR7716316,1 month,WGS,300,7451517300,PRJNA394943,SAMN07540548,Plant,3379029873,NOVOGENE,public,"fastq,sra","gs,ncbi,s3","gs.US,ncbi.public,s3.us-east-1",SRX4645254,Bolivia,South America,Bolivia: Cochabamba,Illumina HiSeq 4000,37096,vio473396,PAIRED,unspecified,GENOMIC,Solanum violaceimarmoratum,ILLUMINA,2018-09-06T00:00:00Z,vio473396,SRP115974,young leaves,,
SRR7716317,1 month,WGS,300,7222841400,PRJNA394943,SAMN07540549,Plant,3053234493,NOVOGENE,public,"fastq,sra","gs,ncbi,s3","gs.US,ncbi.public,s3.us-east-1",SRX4645255,Bolivia,South America,Bolivia: La Paz,Illumina HiSeq 4000,37097,vio473398,PAIRED,unspecified,GENOMIC,Solanum violaceimarmoratum,ILLUMINA,2018-09-06T00:00:00Z,vio473398,SRP115974,young leaves,,
SRR7716318,1 month,WGS,300,6824623200,PRJNA394943,SAMN07540551,Plant,3144579128,NOVOGENE,public,"fastq,sra","gs,ncbi,s3","gs.US,ncbi.public,s3.us-east-1",SRX4645256,Bolivia,South America,Bolivia: La Paz,Illumina HiSeq 4000,37099,vio498296,PAIRED,unspecified,GENOMIC,Solanum violaceimarmoratum,ILLUMINA,2018-09-06T00:00:00Z,vio498296,SRP115974,young leaves,,
SRR5957601,1 month,WGS,300,7381012500,PRJNA394943,SAMN07367888,Plant,3258483352,NOVOGENE,public,"fastq,sra","gs,ncbi,s3","gs.US,ncbi.public,s3.us-east-1",SRX4645209,Mexico,North America,Mexico: Michoacan,Illumina HiSeq 4000,pol161728,pol161728,PAIRED,unspecified,GENOMIC,Solanum polyadenium,ILLUMINA,2018-09-06T00:00:00Z,pol161728,SRP115974,Young leaves,,
SRR5957602,1 month,WGS,300,6914128200,PRJNA394943,SAMN07540354,Plant,3106543637,NOVOGENE,public,"fastq,sra","gs,ncbi,s3","gs.US,ncbi.public,s3.us-east-1",SRX3115796,Mexico,North America,Mexico: Queretaro,Illumina HiSeq 4000,36902,pin253214,PAIRED,unspecified,GENOMIC,Solanum pinnatisectum,ILLUMINA,2018-09-06T00:00:00Z,pin253214,SRP115974,young leaves,,
SRR5957603,1 month,WGS,300,7578750300,PRJNA394943,SAMN07540355,Plant,3383623529,NOVOGENE,public,"fastq,sra","gs,ncbi,s3","gs.US,ncbi.public,s3.us-east-1",SRX3115797,Mexico,North America,Mexico: Aguascalientes,Illumina HiSeq 4000,36903,ste255527,PAIRED,unspecified,GENOMIC,Solanum stenophyllidium,ILLUMINA,2018-09-06T00:00:00Z,ste255527,SRP115974,young leaves,,
SRR5957604,1 month,WGS,300,7161009000,PRJNA394943,SAMN07540356,Plant,3292081268,NOVOGENE,public,"fastq,sra","gs,ncbi,s3","gs.US,ncbi.public,s3.us-east-1",SRX3115798,Mexico,North America,Mexico: Chihuahua,Illumina HiSeq 4000,36904,bra320265,PAIRED,unspecified,GENOMIC,Solanum stenophyllidium,ILLUMINA,2018-09-06T00:00:00Z,bra320265,SRP115974,young leaves,,
SRR5958639,1 month,WGS,300,6671572800,PRJNA394943,SAMN07540357,Plant,3004555678,NOVOGENE,public,"fastq,sra","gs,ncbi,s3","gs.US,ncbi.public,s3.us-east-1",SRX4645210,Mexico,North America,Mexico:Veracruz,Illumina HiSeq 4000,36905,pol347770,PAIRED,unspecified,GENOMIC,Solanum polyadenium,ILLUMINA,2018-09-06T00:00:00Z,pol347770,SRP115974,young leaves,,
SRR5958648,1 month,WGS,300,7509773700,PRJNA394943,SAMN07540358,Plant,3286165443,NOVOGENE,public,"fastq,sra","gs,ncbi,s3","gs.US,ncbi.public,s3.us-east-1",SRX4645208,Mexico,North America,Mexico: Guanajuato,Illumina HiSeq 4000,36906,pin537023,PAIRED,unspecified,GENOMIC,Solanum pinnatisectum,ILLUMINA,2018-09-06T00:00:00Z,pin537023,SRP115974,young leaves,,
SRR5958649,1 month,WGS,300,6366255000,PRJNA394943,SAMN07540359,Plant,2860711353,NOVOGENE,public,"fastq,sra","gs,ncbi,s3","gs.US,ncbi.public,s3.us-east-1",SRX4645100,Mexico,North America,Mexico: Jalisco,Illumina HiSeq 4000,36907,bul545751,PAIRED,unspecified,GENOMIC,Solanum bulbocastanum,ILLUMINA,2018-09-06T00:00:00Z,bul545751,SRP115974,young leaves,,
SRR5958650,1 month,WGS,300,7594605000,PRJNA394943,SAMN07540360,Plant,3436150095,NOVOGENE,public,"fastq,sra","gs,ncbi,s3","gs.US,ncbi.public,s3.us-east-1",SRX4645083,Mexico,North America,Mexico: Jalisco,Illumina HiSeq 4000,36908,bra558460,PAIRED,unspecified,GENOMIC,Solanum stenophyllidium,ILLUMINA,2018-09-06T00:00:00Z,bra558460,SRP115974,young leaves,,
SRR5958651,1 month,WGS,300,7918392300,PRJNA394943,SAMN07540361,Plant,3469173509,NOVOGENE,public,"fastq,sra","gs,ncbi,s3","gs.US,ncbi.public,s3.us-east-1",SRX4645101,Guatemala,North America,Guatemala: Huehuetenango,Illumina HiSeq 4000,36909,bul604074,PAIRED,unspecified,GENOMIC,Solanum bulbocastanum,ILLUMINA,2018-09-06T00:00:00Z,bul604074,SRP115974,young leaves,,
SRR5958652,1 month,WGS,300,8340871200,PRJNA394943,SAMN07540362,Plant,3685851464,NOVOGENE,public,"fastq,sra","gs,ncbi,s3","gs.US,ncbi.public,s3.us-east-1",SRX4645154,USA,North America,USA: Utah,Illumina HiSeq 4000,36910,jam641944,PAIRED,unspecified,GENOMIC,Solanum jamesii,ILLUMINA,2018-09-06T00:00:00Z,jam641944,SRP115974,young leaves,,
SRR5959443,1 month,WGS,300,7563711000,PRJNA394943,SAMN07540363,Plant,3318866527,NOVOGENE,public,"fastq,sra","gs,ncbi,s3","gs.US,ncbi.public,s3.us-east-1",SRX4645155,USA,North America,USA: Texas,Illumina HiSeq 4000,36911,jam664024,PAIRED,unspecified,GENOMIC,Solanum jamesii,ILLUMINA,2018-09-06T00:00:00Z,jam664024,SRP115974,young leaves,,
SRR5959444,1 month,WGS,300,7571069100,PRJNA394943,SAMN07540364,Plant,3391700614,NOVOGENE,public,"fastq,sra","gs,ncbi,s3","gs.US,ncbi.public,s3.us-east-1",SRX4645102,Peru,South America,Peru: Cajamarca,Illumina HiSeq 4000,36912,caj230522,PAIRED,unspecified,GENOMIC,Solanum cajamarquense,ILLUMINA,2018-09-06T00:00:00Z,caj230522,SRP115974,young leaves,,
SRR5959445,1 month,WGS,300,7264995600,PRJNA394943,SAMN07540365,Plant,3238261895,NOVOGENE,public,"fastq,sra","gs,ncbi,s3","gs.US,ncbi.public,s3.us-east-1",SRX4645186,Peru,South America,Peru: Cuzco,Illumina HiSeq 4000,36913,mul275272,PAIRED,unspecified,GENOMIC,Solanum bukasovii f. multidissectum,ILLUMINA,2018-09-06T00:00:00Z,mul275272,SRP115974,young leaves,multidissectum,
SRR5959446,1 month,WGS,300,7504069500,PRJNA394943,SAMN07540366,Plant,3346638700,NOVOGENE,public,"fastq,sra","gs,ncbi,s3","gs.US,ncbi.public,s3.us-east-1",SRX4645146,Argentina,South America,Argentina: Salta,Illumina HiSeq 4000,36914,hua320327,PAIRED,unspecified,GENOMIC,Solanum venturii,ILLUMINA,2018-09-06T00:00:00Z,hua320327,SRP115974,young leaves,,
SRR5959447,1 month,WGS,300,8978387400,PRJNA394943,SAMN07540367,Plant,4071600266,NOVOGENE,public,"fastq,sra","gs,ncbi,s3","gs.US,ncbi.public,s3.us-east-1",SRX4645072,Colombia,South America,Colombia: Cauca,Illumina HiSeq 4000,36915,and320345,PAIRED,unspecified,GENOMIC,Solanum andreanum,ILLUMINA,2018-09-06T00:00:00Z,and320345,SRP115974,young leaves,,
SRR5959448,1 month,WGS,300,7818519000,PRJNA394943,SAMN07540368,Plant,3477106579,NOVOGENE,public,"fastq,sra","gs,ncbi,s3","gs.US,ncbi.public,s3.us-east-1",SRX4645062,Peru,South America,Peru: Huanuco,Illumina HiSeq 4000,36916,acr365313,PAIRED,unspecified,GENOMIC,Solanum acroglossum,ILLUMINA,2018-09-06T00:00:00Z,acr365313,SRP115974,young leaves,,
SRR5959449,1 month,WGS,300,8463688500,PRJNA394943,SAMN07540369,Plant,3857331989,NOVOGENE,public,"fastq,sra","gs,ncbi,s3","gs.US,ncbi.public,s3.us-east-1",SRX4645063,Peru,South America,Peru: Arequipa,Illumina HiSeq 4000,36917,acr365314,PAIRED,unspecified,GENOMIC,Solanum acroscopicum,ILLUMINA,2018-09-06T00:00:00Z,acr365314,SRP115974,young leaves,,
SRR5959450,1 month,WGS,300,8005475400,PRJNA394943,SAMN07540370,Plant,3407468190,NOVOGENE,public,"fastq,sra","gs,ncbi,s3","gs.US,ncbi.public,s3.us-east-1",SRX4645122,Peru,South America,Peru: Amazonas,Illumina HiSeq 4000,36918,cho365328,PAIRED,unspecified,GENOMIC,Solanum chomatophilum,ILLUMINA,2018-09-06T00:00:00Z,cho365328,SRP115974,young leaves,,
SRR5959451,1 month,WGS,300,7760329200,PRJNA394943,SAMN07540371,Plant,3515249274,NOVOGENE,public,"fastq,sra","gs,ncbi,s3","gs.US,ncbi.public,s3.us-east-1",SRX4645187,Peru,South America,Peru: Ancash,Illumina HiSeq 4000,36919,mul365336,PAIRED,unspecified,GENOMIC,Solanum multiinterruptum,ILLUMINA,2018-09-06T00:00:00Z,mul365336,SRP115974,young leaves,,
SRR5959452,1 month,WGS,300,7941114300,PRJNA394943,SAMN07540372,Plant,3583706372,NOVOGENE,public,"fastq,sra","gs,ncbi,s3","gs.US,ncbi.public,s3.us-east-1",SRX4645188,Peru,South America,Peru: Lima,Illumina HiSeq 4000,36920,mul365337,PAIRED,unspecified,GENOMIC,Solanum multiinterruptum,ILLUMINA,2018-09-06T00:00:00Z,mul365337,SRP115974,young leaves,,
SRR5959453,1 month,WGS,300,8240449800,PRJNA394943,SAMN07540373,Plant,3639597037,NOVOGENE,public,"fastq,sra","gs,ncbi,s3","gs.US,ncbi.public,s3.us-east-1",SRX4645189,Peru,South America,Peru: Ancash,Illumina HiSeq 4000,36921,mul365338,PAIRED,unspecified,GENOMIC,Solanum multiinterruptum,ILLUMINA,2018-09-06T00:00:00Z,mul365338,SRP115974,young leaves,,
SRR5959454,1 month,WGS,300,7734067200,PRJNA394943,SAMN07540374,Plant,3496573910,NOVOGENE,public,"fastq,sra","gs,ncbi,s3","gs.US,ncbi.public,s3.us-east-1",SRX4645123,Peru,South America,Peru: Junin,Illumina HiSeq 4000,36922,cho365339,PAIRED,unspecified,GENOMIC,Solanum chomatophilum,ILLUMINA,2018-09-06T00:00:00Z,cho365339,SRP115974,young leaves,,
SRR5959455,1 month,WGS,300,7949959500,PRJNA394943,SAMN07540375,Plant,3579306746,NOVOGENE,public,"fastq,sra","gs,ncbi,s3","gs.US,ncbi.public,s3.us-east-1",SRX4645148,Peru,South America,Peru: Lima,Illumina HiSeq 4000,36923,hyp473477,PAIRED,unspecified,GENOMIC,Solanum hypacrarthrum,ILLUMINA,2018-09-06T00:00:00Z,hyp473477,SRP115974,young leaves,,
SRR5959456,1 month,WGS,300,8382123900,PRJNA394943,SAMN07540376,Plant,3796703885,NOVOGENE,public,"fastq,sra","gs,ncbi,s3","gs.US,ncbi.public,s3.us-east-1",SRX4645198,Peru,South America,Peru: Piura,Illumina HiSeq 4000,36924,pau473489,PAIRED,unspecified,GENOMIC,Solanum paucissectum,ILLUMINA,2018-09-06T00:00:00Z,pau473489,SRP115974,young leaves,,
SRR5959457,1 month,WGS,300,7674269400,PRJNA394943,SAMN07540377,Plant,3412964213,NOVOGENE,public,"fastq,sra","gs,ncbi,s3","gs.US,ncbi.public,s3.us-east-1",SRX4645064,Peru,South America,Peru: Pasco,Illumina HiSeq 4000,36925,acr498204,PAIRED,unspecified,GENOMIC,Solanum acroglossum,ILLUMINA,2018-09-06T00:00:00Z,acr498204,SRP115974,young leaves,,
SRR5959458,1 month,WGS,300,9409242600,PRJNA394943,SAMN07540378,Plant,4007860923,NOVOGENE,public,"fastq,sra","gs,ncbi,s3","gs.US,ncbi.public,s3.us-east-1",SRX4645065,Ecuador,South America,Ecuador: Loja,Illumina HiSeq 4000,36926,alb498206,PAIRED,unspecified,GENOMIC,Solanum albornozii,ILLUMINA,2018-09-06T00:00:00Z,alb498206,SRP115974,young leaves,,
SRR5959459,1 month,WGS,300,7292590800,PRJNA394943,SAMN07540379,Plant,3251797520,NOVOGENE,public,"fastq,sra","gs,ncbi,s3","gs.US,ncbi.public,s3.us-east-1",SRX4645082,Peru,South America,Peru: Ancash,Illumina HiSeq 4000,36927,bla498214,PAIRED,unspecified,GENOMIC,Solanum x blanco-galdosii,ILLUMINA,2018-09-06T00:00:00Z,bla498214,SRP115974,young leaves,,
SRR5959460,1 month,WGS,300,7399580400,PRJNA394943,SAMN07540380,Plant,3381569692,NOVOGENE,public,"fastq,sra","gs,ncbi,s3","gs.US,ncbi.public,s3.us-east-1",SRX4645147,Peru,South America,Peru: Piura,Illumina HiSeq 4000,36928,hua498255,PAIRED,unspecified,GENOMIC,Solanum marinasense,ILLUMINA,2018-09-06T00:00:00Z,hua498255,SRP115974,young leaves,,
SRR5959461,1 month,WGS,300,8381510100,PRJNA394943,SAMN07540381,Plant,3758075469,NOVOGENE,public,"fastq,sra","gs,ncbi,s3","gs.US,ncbi.public,s3.us-east-1",SRX4645192,Peru,South America,Peru: Ancash,Illumina HiSeq 4000,36929,mul498266,PAIRED,unspecified,GENOMIC,Solanum multiinterruptum,ILLUMINA,2018-09-06T00:00:00Z,mul498266,SRP115974,young leaves,,
SRR5959462,1 month,WGS,300,7606487700,PRJNA394943,SAMN07540382,Plant,3493361886,NOVOGENE,public,"fastq,sra","gs,ncbi,s3","gs.US,ncbi.public,s3.us-east-1",SRX4645073,Ecuador,South America,Ecuador: Napo,Illumina HiSeq 4000,36930,and561648,PAIRED,unspecified,GENOMIC,Solanum andreanum,ILLUMINA,2018-09-06T00:00:00Z,and561648,SRP115974,young leaves,,
